@digimistake oh i forgot, emma loves stranger things  
, 0.0
rt @zaynpride: 77. assiste stranger things  
, 0.0
my 5 best tv series of 2017:   1. stranger things season 2 2. mindhunter 3. dark 4. narcos season 3 5. game of thrones season 7  
, 0.15
rt @80steenlashton: i really want new mutuals rt if you stan -1d  -5sos -tÃ¸p  -p!atd  -all time low  -the 1975 -stranger things cast  -paraâ€¦  
, 0.11212121212121212
i've seen stranger things on the ground #strangerthings https://t.co/ppemzvbxcv  
, 0.0
@2002kyline still episode 2 season 1 on stranger things ğŸ˜‚ğŸ˜‚  
, 0.0
@aarxn82 the hardest thing for me is trying to not fight everyone who doesn't think stranger things is trash. it'sâ€¦ https://t.co/iyop6m0gfe  
, 0.0
rt @upsidedownfacts: stranger things season 3 has added â€˜princess brideâ€™ starÂ cary elwes, and starship trooperâ€™s jake busey https://t.co/gcâ€¦  
, 0.5
top 5 tv shows â€” (two of them are netflix originals, but you get it lol) stranger things pretty little liars santa.â€¦ https://t.co/yd7sfcgruh  
, 0.340625
@rickypdillon @arianalgb or goes on stranger things ğŸ˜‚ğŸ’€  
, 0.0
rt @jacksonbuttsco: stranger things season 3 is getting ready to begin filming in jackson! welcome back to butts county! #strangerthings #gâ€¦  
, 0.3875
woah just saw a quiet place woaaah same thrill as i watched the stranger things, can't wait for the part two, the eâ€¦ https://t.co/aqgewkdoo4  
, 0.0
â€¢ mike + eleven â€¢ â€¢ stranger things â€¢  
, 0.0
-we been knew they'd fall in love since they first met  -deserve to live a hâ€¦ https://t.co/xhyeamxwm2  
, 0.29545454545454547
i miss stranger things  
, 0.0
1. stranger things  2. girlboss 3. this is us https://t.co/ahototaeuq  
, 0.0
rt @depressedelio: i miss stranger things  
, 0.0
rt @xxnicole: o cast de stranger things inteiro. https://t.co/m6dpuf6jmw  
, 0.0
@leilah8syou @sidneyallisonnn worth it ang stranger things?  
, 0.3
rt @dailydot: 'stranger things' season 3 just added 2 '80s icons to its cast: https://t.co/y1qwxuablw https://t.co/tya8bjgi7y  
, 0.0
can't wait to be home and watch stranger things. weewooo ğŸ˜  
, 0.0
funko pop! stranger things dustin #424 barnes &amp; noble exclusive   #funkopop https://t.co/1ay5xnctwe https://t.co/khpktp3u6k  
, 0.6
rt @mgtxs: nct dream x stranger things crossoverğŸŒ™âœ¨ #ë§ˆí¬ #ëŸ°ì¥” #ì œë…¸ #í•´ì°¬ #ì¬ë¯¼ #ì²œëŸ¬ #ì§€ì„± #nctfanart #nctdream https://t.co/pprleyqh6c  
, 0.0
â€¢ joyce + hopper â€¢ â€¢ stranger things â€¢  
, 0.0
-if they don't eventually end up together i'll fight the writers  -literallâ€¦ https://t.co/qyrgief4cl  
, 0.0
rt @btstvshows: stranger things (2016) https://t.co/lyca9rlekq  
, -0.75
rt @mgtxs: nct dream x stranger things crossoverğŸŒ™âœ¨ #ë§ˆí¬ #ëŸ°ì¥” #ì œë…¸ #í•´ì°¬ #ì¬ë¯¼ #ì²œëŸ¬ #ì§€ì„± #nctfanart #nctdream https://t.co/pprleyqh6c  
, 0.0
@syclocoyote just play the stranger things theme on loop the whole way  
, 0.2
rt @fae_dark: i've seen stranger things on the ground #strangerthings https://t.co/ppemzvbxcv  
, 0.0
rt @winstonsmith_jr: patriots if you look at "stranger things" season 2 episode 2, you will understand what happened today in iran with 5:5â€¦  
, 0.0
rt @gilology: the stranger things boys singing motown songs but james corden doesn't ruin it https://t.co/fqlyja6bz2  
, 0.0
rt @ingridmusic: please sing with me on my stranger things inspired record @milliebbrown.  i know your can sing. and floss.  still trying tâ€¦  
, 0.0
rt @winstonsmith_jr: please patriots watch "stranger things" season 2 episode 5 "dig dug" =ã€‹"the storm" ! that's what @potus is refering toâ€¦  
, 0.0
stranger things. #diamundialdelabicicleta https://t.co/dxw4rgou8j  
, 0.0
rt @whattheffacts: "stranger things" was rejected 15 to 20 times by different networks before netflix picked it up.  
, 0.0
watching stranger things  
, 0.0
ariana is lit with all this upside down stuff, stranger things is shaking  
, -0.15555555555555559
having just watched the entire two seasons of stranger things, iâ€™ve really enjoyed it. my only problem with that isâ€¦ https://t.co/qmizfzdqf5  
, 0.16666666666666666
rt @foileableh: rt to be in a gc if you like -fall out boy -patrick stump  -stranger things  -supernatural  -memes (example below)  
, 0.16666666666666666
you musâ€¦  
, 0.0
https://t.co/vykls4xobs : another '80s icon is joining the stranger things cast  
, 0.0
@mungg0nikoi santa clarita diet, riverdale, stranger things, everything sucks,  a series of unfortunate events, 13rw, scream series  
, -0.3
@andresnvrr dark le hace un gangbang anal a stranger things  
, -0.15
i liked a @youtube video https://t.co/lejub5mpiq stranger things theme song (c418 remix)  
, 0.6
rt @80sreddle: anyone notice mike from stranger things kinda looks like that kid with the glasses from it? lmao! ğŸ˜‚ ğŸ˜‚  
, 0.75
#np @joynerlucas - stranger things #listenlive â¡ï¸ https://t.co/etfyirepl5 get our #app https://t.co/7idxmmlpat  
, 0.0
13 reasons why?? stranger things?? riverdale?? ano magandang unahin huhuğŸ˜­  
, 0.0
rt @whattheffacts: "stranger things" was rejected 15 to 20 times by different networks before netflix picked it up.  
, 0.0
@ashxxdmsolos cody christian, colton haynes, crystal reed, bea miller, stranger things cast  
, 0.0
@masonlemon always optimistic, realistically think weâ€™ll miss out on top 6 though! but stranger things have happened...  
, 0.625
@ashxxdmsolos aaron carpenter, cody christian, colton haynes, crystal reed, bea miller, stranger things cast  
, 0.0
stranger things https://t.co/yfzmfnzhtc  
, 0.0
@askmenfess stranger things  
, 0.0
rt @myfavstrash: season 3 stranger things teaser https://t.co/lnvsvwgfmn  
, 0.5
@askmenfess stranger things  
, 0.0
'stranger things' season 3 casts cary elwes and jake busey https://t.co/uzmomlixyo  
, 0.0
i need stranger things season 3 to happen already.  
, 0.0
i just finished watching stranger things 2, now what should i do in my life?  
, 0.0
karen wheeler is a pretty woman  and deserves a better husband. ted is a waste.  (the mother from stranger things)  
, 0.18333333333333335
stranger things https://t.co/gwhr4uex7w  
, 0.0
+  
, 0.0
orange is the new black **explicit queer eye rick and morty riverdale  scorpion sherlock stranger things the croâ€¦ https://t.co/uy2ozqmbuc  
, -0.015151515151515152
rt @btstvshows: stranger things (2016) https://t.co/lyca9rlekq  
, -0.75
@askmenfess teen wolf, stranger things, the fear of walking dead, shannara, scream, siren, scream queens  
, -0.1
rt @ingridmusic: please sing with me on my stranger things inspired record @milliebbrown.  i know your can sing. and floss.  still trying tâ€¦  
, 0.0
â€”stranger thingsâ€”  
, 0.0
rt @noahhcredito: fandom de stranger things quando sair a season 3 https://t.co/eyrunbrrwv  
, 0.0
rt @upsidedownfacts: stranger things season 3 has added â€˜princess brideâ€™ starÂ cary elwes, and starship trooperâ€™s jake busey https://t.co/gcâ€¦  
, 0.5
stranger things https://t.co/9ulu7rvplg  
, 0.0
serie de drama: 6 nominados seguros: the handmaid's tale, game of thrones, stranger things, this is us, the crown yâ€¦ https://t.co/aelv5xfkxv  
, -0.4
itâ€™s a tie between stranger things and sense8 https://t.co/y0axhhnmnl  
, 0.0
rt @cinemartistry: stranger things (2016)  directors: shawn levy, matt duffer &amp; ross duffer  cinematographers: tod campbell &amp; tim ives httpâ€¦  
, -0.75
get a stranger things themed shirt at the @engineyard booth @railsconf. booth will be open after the keynote. https://t.co/httbxsf0c3  
, 0.0
stranger things #rcde  
, 0.0
all the kids from stranger things are fucking stupid and ugly i donâ€™t know why people ever gassed them up  
, -0.75
rt @whattheffacts: "stranger things" was rejected 15 to 20 times by different networks before netflix picked it up.  
, 0.0
rt @crmotwo: [stranger things]  
, -0.75
mike: i got this amp from a spinal tap concert at the hawkins amphitheater. the guy said it goes to 11  
, 0.0
lucâ€¦  
, 0.0
rt @whattheffacts: "stranger things" was rejected 15 to 20 times by different networks before netflix picked it up.  
, 0.0
@era_fob the fob shirt with the stranger things font.  
, 0.0
@payoletter @dubstep4dads one of the stranger things about living overseas is that my brain is full of obscure amerâ€¦ https://t.co/huxgujy6xm  
, 0.35
stranger things https://t.co/nmx7wyqeou  
, 0.0
rt @80sreddle: anyone notice mike from stranger things kinda looks like that kid with the glasses from it? lmao! ğŸ˜‚ ğŸ˜‚  
, 0.75
my idea of a good night: cuddled in a blanket, made tea by my side, watching stranger things all over again  
, 0.7
i keep getting a stranger things ad and maybe it's a sign for me to watch it  
, 0.0
stranger things 2: impressive and huge audience for the season 2 on netflix https://t.co/23xoshxvv6  
, 0.7000000000000001
stranger things season 3 just added princess bride's cary elwes and one more https://t.co/wzo48urk2n by embalajedigâ€¦ https://t.co/gjak50arzd  
, 0.5
rt @ialisyn: hype af for stranger things szn3  
, 0.0
rt @faced0wsn: i miss stranger things sm  
, 0.0
stranger things season 3 is filming soon kdksksks  
, 0.0
ok guys... i think iâ€™m finally ready for stranger things 2. i know iâ€™m behind but you donâ€™t know my story ğŸ˜‚  
, 0.09999999999999998
rt @jxmeswav: i just wanna make music for stranger things season 3 ğŸ™‡ğŸ½â€â™‚ï¸ğŸ’˜ https://t.co/gsavit2z6o  
, 0.0
rt @revengeotfans: stranger things season 3 sees carey elwes and jake busey joining the cast, plus characterÂ details! https://t.co/xaofggghâ€¦  
, 0.625
pablo + stranger things = https://t.co/9j2ee514at  
, 0.0
rt @memeproviding: remember eleven from stranger things? this is her now... https://t.co/lnpmdsmaur  
, 0.0
rt @johnsonpaige28: upon hours of research, i have concluded that the boys in stranger things are in fact the boys in zoey 101 https://t.coâ€¦  
, 0.0
'stranger things' season 3 casts cary elwes and jake busey https://t.co/uzmomlixyo https://t.co/bw40twpund  
, 0.0
rt @ofstudisms: â€”â€” ' what the hell was that?! '  
, 0.0
â€” stranger things â€” crossovers welcome â€” timeline flexible â€” lit. &amp;&amp; desc.  â€” mature â€” wriâ€¦  
, 0.45
rt @noahhcredito: fandom de stranger things quando sair a season 3 https://t.co/eyrunbrrwv  
, 0.0
rt @thatericalper: chief hopper's daughter sara and her hairband in stranger things 2 is everything. https://t.co/iexaslvjpk  
, 0.0
rt @eeg213: starting a grassroots movement in speegles- write in stranger things for the room theme!!!!!!!!!!!!!  
, 0.0
rt @huffpost: did you want to see another famous face from the â€™80s in the next season of â€œstranger thingsâ€? as you wish. https://t.co/mnf9â€¦  
, 0.25
rt @lisakozhy: how can iï¸ make it known that iï¸ stan tom, zendaya, josh &amp; lucas, cody ko, david, liza, tina, enya, stranger things, it andâ€¦  
, 0.0
rt @theloversparty: stranger things follow spree!!  - like/rt this and follow everyone who does ğŸˆ - become mutuals and then love each otherâ€¦  
, 0.5
rt @ingridmusic: please sing with me on my stranger things inspired record @milliebbrown.  i know your can sing. and floss.  still trying tâ€¦  
, 0.0
rt @cinemartistry: stranger things (2016)  directors: shawn levy, matt duffer &amp; ross duffer  cinematographers: tod campbell &amp; tim ives httpâ€¦  
, -0.75
stranger things **** https://t.co/ddybeuwyao  
, 0.0
rt @memeproviding: remember eleven from stranger things? this is her now... https://t.co/lnpmdsmaur  
, 0.0
cary elwes will be the mayor of hawkins in â€˜stranger thingsâ€™ season 3 https://t.co/2np4obrtva  
, 0.0
rt @gabguerero: i belong to the 1% of the population who has never seen a single episode of riverdale and stranger things  
, -0.07142857142857142
stranger things, entertaining  
, 0.5
i love stranger things! especially eleven/ @milliebbrown !! sheâ€™s amazing!ğŸ’–ğŸ’–ğŸ’–ğŸ’–  
, 0.3125
stranger things ğŸ–¤â¤ï¸:  
, 0.0
#strangerthings #sondage #question  
, 0.0
rt @mgtxs: nct dream x stranger things crossoverğŸŒ™âœ¨ #ë§ˆí¬ #ëŸ°ì¥” #ì œë…¸ #í•´ì°¬ #ì¬ë¯¼ #ì²œëŸ¬ #ì§€ì„± #nctfanart #nctdream https://t.co/pprleyqh6c  
, 0.0
rt @noahhcredito: fandom de stranger things quando sair a season 3 https://t.co/eyrunbrrwv  
, 0.0
rt @sabiotuite: stranger things. #diamundialdelabicicleta https://t.co/dxw4rgou8j  
, 0.0
ive loved cary elwes for such a long time. cant wait to see what he brings to stranger things. ğŸ’–  #strangerthings https://t.co/ctfrwmrefq  
, 0.21666666666666665
stranger things (?) ğŸ˜‚ https://t.co/utzttqi4ze  
, 0.0
@maijunaid baki if you like stranger things do check out dark  
, -0.15
rt @cinemartistry: stranger things (2016)  directors: shawn levy, matt duffer &amp; ross duffer  cinematographers: tod campbell &amp; tim ives httpâ€¦  
, -0.75
rt @whattheffacts: "stranger things" was rejected 15 to 20 times by different networks before netflix picked it up.  
, 0.0
rt @oniyfinn: i want more mutuals so rt/like if you stan  - harry styles  - finn wolfhard  - stranger things cast - it cast - ot4 / ot5 - tâ€¦  
, 0.5
so hyped watching stranger things  
, 0.0
someone that watched stranger things is so amazing.  
, 0.6000000000000001
rt @sabiotuite: stranger things. #diamundialdelabicicleta https://t.co/dxw4rgou8j  
, 0.0
back to stranger things s2 then  
, 0.0
rt @jimhalpert__: stranger things (2016) https://t.co/ethe2sm4jj  
, -0.75
kygo - stranger things ft. onerepublic https://t.co/kzqr5tiibx via @youtube  
, 0.0
@omuox it was always a matter of cost vs viewership. if sense8 was as popular as stranger things, they wouldn't bring up cost  
, 0.6
@naaielyx how to get away with murder. stranger things. breaking bad.  
, -0.6999999999999998
rt @upsidedownfacts: stranger things season 3 has added â€˜princess brideâ€™ starÂ cary elwes, and starship trooperâ€™s jake busey https://t.co/gcâ€¦  
, 0.5
i like stranger things....comment â¤ï¸if u do  
, 0.0
rt @rtyourlgbts: mike &amp; will (byler) | stranger things https://t.co/dbdsmgabjc  
, 0.0
nw: stranger things  
, 0.0
stranger things season 1  
, 0.0
rt @chnceofaliftime: stranger things is the most overrated show of all time lmao  
, 0.55
stranger things just watched season1 might be old but gud movin on season2 #strangerthings #netflix  
, 0.1
stranger things two are well usually theresa  
, -0.25
rt @upsidedownfacts: stranger things season 3 has added â€˜princess brideâ€™ starÂ cary elwes, and starship trooperâ€™s jake busey https://t.co/gcâ€¦  
, 0.5
rt @cbr: stranger things 3 adds cary elwes and jake busey https://t.co/kmgmek0bm8 https://t.co/0exyqxml4x  
, 0.5
stranger things 2 | final trailer [hd] | netflix https://t.co/f1dfnypuf9 https://t.co/7kwkez7kfk  
, 0.0
binge watching stranger things.  
, 0.0
rt @whattheffacts: "stranger things" was rejected 15 to 20 times by different networks before netflix picked it up.  
, 0.0
rt @_riverdalenews: riverdale x stranger things at #coachella https://t.co/enfhuyldc4  
, 0.0
i love stuff yeah! cary elwes will be the mayor of hawkins in 'stranger things' season 3 - film school rejects  
, 0.625
rt @whattheffacts: "stranger things" was rejected 15 to 20 times by different networks before netflix picked it up.  
, 0.0
does kibum watch stranger things https://t.co/ys0unqfudy  
, 0.0
stranger things ğŸ˜ https://t.co/8t9izljyca  
, 0.0
rt @sonyvegasdex: @fortnitegame @alienware heres mine is so far #replayroyale itâ€™s called stranger things! https://t.co/61qam9gose  
, 0.125
rt @benjaminjs: if you haven't read my "stranger things" crossover episode of "the golden girls" you're missing gems like this: https://t.câ€¦  
, 0.04999999999999999
stranger things and the 100! https://t.co/cf3cazsup3  
, 0.0
please be more stranger things than 13 reasons why https://t.co/v4rax0w7vr  
, 0.5
rt @xxnicole: o cast de stranger things inteiro. https://t.co/m6dpuf6jmw  
, 0.0
@peytonwich @jeremyraytaylor stranger things meets it (without finn wolfhard)  
, 0.0
mornings are for coffee quotes baby onesies stranger things infant bodysuit ... https://t.co/6yrxedntwe https://t.co/io0fjsxbhw  
, 0.0
awesomesauce:  
, 0.0
stranger things deadline reports cary elwes has joined the cast of season three as mayor kline, a â€œhâ€¦ https://t.co/a4sgcmdzmi  
, 0.0
rt @ialisyn: hype af for stranger things szn3  
, 0.0
rt @ingridmusic: please sing with me on my stranger things inspired record @milliebbrown.  i know your can sing. and floss.  still trying tâ€¦  
, 0.0
i'll have you know all the damn truancy in stranger things?  
, 0.0
is this even real?! paquita salas con el cast the stranger things. #muyfan https://t.co/tqfpznu7vp  
, 0.25
rt @btstvshows: stranger things (2016) https://t.co/lyca9rlekq  
, -0.75
rt @bevclub: rt/like to be in a gc ğŸ’˜  
, 0.0
- be willing to be friends - stan it/stranger things - be active + funny - must have open dms - nameâ€¦  
, 0.09166666666666667
rt @ew: stranger things season 3 appoints cary elwes as mayor https://t.co/rmr1zehe0h  
, 0.5
@annelieseo1962 do you like stranger things pops? https://t.co/i0g17lr1e3  
, 0.0
rt @priscillag1: my soul is happy now that the cast of stranger things is together and will be filming again  
, 0.8
@stranger_things i was wondering if yall  have any open auditions for any new stranger things characters for season three.  
, 0.06818181818181818
rt @actiongai: i liked a @youtube video https://t.co/bkercswjwh stranger things vs fÂ°Â°tcreemuh  
, 0.6
prepare for things to get real interesting on stranger things https://t.co/6lilto7pkr  
, 0.75
rt @hawkins_things: stranger things is preparing for filming in 10 days !! are you all ready ?? #strangerthings #strangerthings3 https://t.â€¦  
, 0.2
remember the girl from stranger things?... https://t.co/h7olzy6qyi  
, 0.0
@obi_ra_kenobi wesley from princess bride. he will be in stranger things.  
, 0.0
.... i am so disappointed in you :( *notâ€¦ https://t.co/zydw0qvrzq  
, -0.75
@babsbatgirlfan do you like stranger things pops? https://t.co/1amy1mm5ua  
, 0.0
stranger things casts cary elwes, jake busey for season 3     - cnet https://t.co/djayhbs6q4  
, 0.0
i've just watched episode s02e08 of stranger things! #strangerthings  #tvtime https://t.co/6ehpipcvvw  
, 0.0
the walking dead, supernatural, the 100, the flash, stranger things, orange is the new black, sherlock https://t.co/2k8lo97jyd  
, -0.015909090909090914
me encante stranger things!! https://t.co/4agesxomch  
, 0.0
@wolfx999 do you like stranger things pops? https://t.co/scxe9gvvf2  
, 0.0
rt @stupsidedown011: stranger things x 13 reasons why casts https://t.co/e8bbo4niv0  
, 0.0
11:11 el cast de stranger things en argentina ğŸ‡¦ğŸ‡·âœ¨  
, 0.0
stranger things season 3: cary elwes joins cast https://t.co/ylqg6qnorl  
, 0.0
stranger things ğŸ¬ğŸ“½  
, 0.0
cary elwes and jake busey are join stranger things season three https://t.co/g81b4gqcez  
, 0.0
11:11 stranger things cast  
, 0.0
stranger things ğŸ§Ÿâ€â™‚ï¸  
, 0.0
rt @hndrixlamar: stranger things (2016) https://t.co/prs5k1ocix  
, -0.75
cary elwes and jake busey are join stranger things season three https://t.co/ibh3spdnc9  
, 0.0
omg cary elwes in stranger things s3 https://t.co/hoio0jd3ii  
, 0.0
rt @lvurvdelgv2: mi top 10 mejores series: 1. the walking dead obviamente 2. breaking bad 3-.skam 4. lost 5. vikings 6. stranger things 7.â€¦  
, -0.13333333333333328
rt @cinemartistry: stranger things (2016)  directors: shawn levy, matt duffer &amp; ross duffer  cinematographers: tod campbell &amp; tim ives httpâ€¦  
, -0.75
@ssanderson942  @jea_boiler13 do you two like stranger things pops? https://t.co/uvasmyoojw  
, 0.0
rt @privilegedboca: plot twist ariana is gonna be in an episode of stranger things thatâ€™s why everything is upside down  
, -0.15555555555555559
stranger things season 3 adds cary elwes and jake busey https://t.co/1qy6tzefrc https://t.co/zjvonkumia  
, 0.0
#nowplaying stranger things (clean) [1r7g] by joyner lucas &amp; chris brown #tunein on https://t.co/sfsaka9kpe  
, 0.3666666666666667
rt @hamadosis: i've just watched episode s02e08 of stranger things! #strangerthings  #tvtime https://t.co/6ehpipcvvw  
, 0.0
@atakannozyurt stranger things  
, 0.0
@dianafolleco stranger things? breaking bad si no te has visto. apartment 23 es chistosa, how to get away with murdâ€¦ https://t.co/ciqmk7jnxh  
, -0.6999999999999998
stranger things is funny as fuck lol  
, 0.21666666666666667
stranger things: cosanpa https://t.co/f2zry0tvyg  
, 0.0
@4everdeleonn stranger things  
, 0.0
rt @zaynpride: 77. assiste stranger things  
, 0.0
watching stranger things all day ğŸ¤§ğŸ’•  
, 0.0
cary elwes and jake busey are join stranger things season three https://t.co/p2jcsduust  
, 0.0
rt @cbcradio3: vancouver indie rock band calpurnia (fronted by stranger things actor finn wolfhard) has the highest debut on our #top30 chaâ€¦  
, 0.0
i tried the stranger things challenge and did it badly.  
, -0.6999999999999998
two familiar faces are joining the cast of stranger things https://t.co/dkcrrygntq https://t.co/xg8aw5j1hv  
, 0.375
two familiar faces are joining the cast of stranger things https://t.co/qeyng3zcez https://t.co/v4iyp3g6di  
, 0.375
i liked a @youtube video https://t.co/9wuxemu9jk stranger things season 3 teaser trailer #1 (2018) winona ryder / netflix series  
, 0.6
rt @yo__gabba: iâ€™m ready for stranger things to come back  
, 0.1
rt @denofgeek: stranger things season 3 adds cary elwes and jake busey https://t.co/1qy6tzefrc https://t.co/zjvonkumia  
, 0.5
rt @myfavstrash: season 3 stranger things teaser https://t.co/lnvsvwgfmn  
, 0.5
stranger things  
, 0.0
rt @ingridmusic: please sing with me on my stranger things inspired record @milliebbrown.  i know your can sing. and floss.  still trying tâ€¦  
, 0.0
only just getting around to watch the second season of stranger things. theyâ€™ve cast the children bloody well, partâ€¦ https://t.co/expwj9b1sy  
, -0.26666666666666666
rt @thatericalper: hasbro and netflix have released a stranger things edition of the popular board game monopoly:  https://t.co/avxviilxpm  
, 0.09999999999999998
rt @denofgeek: stranger things season 3 adds cary elwes and jake busey https://t.co/1qy6tzefrc https://t.co/zjvonkumia  
, 0.5
stranger thingsğŸ’•ğŸ’•  
, 0.0
stranger things https://t.co/jncragw6s9  
, 0.0
lost - season 1 &amp; 2 andy griffith game of thrones stranger things #showstruck4 https://t.co/q6lp5qbzdc  
, -0.4
@arianagrande is all of this upside down stuff inspired by stranger things????  
, -0.15555555555555559
rt @boomboombetty: judge: and the grounds for divorce? lawyer: irreconcilâ€” wife: he binge watched stranger things without me  
, 0.0
judge: divorcâ€¦  
, 0.0
rt @danger0usperson: figuring out this stranger things game. heâ€™s honestly the cutest ğŸ™ˆğŸ˜­ğŸ’• https://t.co/im210bnurn  
, 0.09999999999999998
2 episodes into stranger things season one and having to use all my will power to not look up spoilers. #nospoilers  
, 0.0
rt @cinemartistry: stranger things (2016)  directors: shawn levy, matt duffer &amp; ross duffer  cinematographers: tod campbell &amp; tim ives httpâ€¦  
, -0.75
ariana grande is actually gonna be a part of stranger things  
, 0.0
i added a video to a @youtube playlist https://t.co/xx2vb1idxh recap: stranger things 2 - episodio 5  
, 0.0
i'm super happy to finally own some stranger things and riverdale pop funko vinyls! i love these so much! ğŸ˜ https://t.co/mrcxryxau9  
, 0.5266666666666666
gags a quiet place prequel ng stranger things  
, 0.0
rt @hannahvailoces: gags a quiet place prequel ng stranger things  
, 0.0
rt @leebruce123: foo fighters - stranger things have happened https://t.co/nqdjlt1zh0  
, 0.0
rt @yo__gabba: iâ€™m ready for stranger things to come back  
, 0.1
listen to stranger things (wallpaper remix) by local natives #np on #soundcloud https://t.co/nd5s3eyqr2  
, 0.0
joyner lucas &amp; chris brown - stranger things  
, 0.0
rt @strangertbr: gaten, caleb e sadie durante o painel de stranger things na fan expo dallas. ğŸ˜ https://t.co/ognwd5kr0h  
, 0.0
rt @ingridmusic: please sing with me on my stranger things inspired record @milliebbrown.  i know your can sing. and floss.  still trying tâ€¦  
, 0.0
@orchidslantern totally! it always happens to me! there was an element in stranger things season 2, that was so simâ€¦ https://t.co/4ehcawv6wm  
, 0.0
stranger things is quaking @arianagrande #notearslefttocrytonight https://t.co/0ambd5kcpq  
, 0.0
stranger things have happened  
, 0.0
rt @whattheffacts: "stranger things" was rejected 15 to 20 times by different networks before netflix picked it up.  
, 0.0
i miss stranger things ğŸ˜­ğŸ˜­ğŸ˜­ https://t.co/aieisxmcam  
, 0.0
rt @jimhalpert__: stranger things (2016) https://t.co/ethe2sm4jj  
, -0.75
rt @wikearts: stranger things fan art. i have no idea why i have never post this on here but yea a retweet would be great @stranger_thingsâ€¦  
, 0.8
so does anyone knows a good netflix show and no donâ€™t say riverdale and stranger things. iâ€™d rather pass  
, 0.7
@netflixlifee stranger things. but i will watch.  
, 0.0
rt @mariina_gs: joyner lucas &amp; chris brown - stranger things  
, 0.0
rt @whattheffacts: "stranger things" was rejected 15 to 20 times by different networks before netflix picked it up.  
, 0.0
rt @fanexpocanada: #guestnews the demogorgons canâ€™t stop stranger thingsâ€™ @joe_keery (steve harrington) from coming to #fanexpocanada2018!â€¦  
, 0.0
stranger things https://t.co/wqneunnlum  
, 0.0
stranger things season 1 like rock and fix all stores soon call 1-800-goobass to all of anonymously sexually harassing females.the time  
, 0.5
rt @glutenfrida_: when you binge watch stranger things https://t.co/vifpwyljll  
, 0.0
seriously adding @cary_elwes to stranger things? you people want me to combust? ğŸ˜  
, -0.3333333333333333
gary busey's son has joined the cast of "stranger things".  because if anyone's seen "stranger things" . . .  
, 0.0
stranger things = cary elwes. my life is complete if they have 11 ask him a question and his response is...â€as youâ€¦ https://t.co/5upikhqf7r  
, 0.1
universal studios singapore opens ticketing for stranger things-themed event https://t.co/s2ngyvvhqe  
, 0.0
rt @verymileven: a thread of my stranger things drawings â€”  
, 0.0
we going stranger things? https://t.co/y5z14rvowb  
, 0.0
don't stick on what you only see, the world is full of stranger things, see through it...  
, 0.175
rt @zaynpride: 77. assiste stranger things  
, 0.0
descubrir the clash por stranger things  
, 0.0
@theojmo i'm sure people have seen stranger things in london  
, 0.5
suggest series to watch ! â€” handmaid's tale &amp; stranger things ! https://t.co/gkymhgqoop  
, 0.0
i liked a @youtube video https://t.co/9avrdi1cb6 stranger things phone drop compilation  
, 0.6
i'm finally watching stranger things and so far i wanna say that i really like hopper and that steve's hair is powerful and ridiculous  
, 0.05333333333333336
stranger things â¤ï¸ â€” ğŸ’•ğŸ’• https://t.co/kctu6jy85d  
, 0.0
netflix channels â€˜stranger thingsâ€™ kids in a legal warning https://t.co/wmhwvoagsa  
, 0.2
rt @ialisyn: hype af for stranger things szn3  
, 0.0
stranger things  
, 0.0
joyner lucas x chris brown - stranger things (dirty) #oyl #oylradio  
, -0.6
stranger things is canceled https://t.co/rezl3uxwrj  
, 0.0
could stranger things hold the "map" that #qanon is always talking about?  check this out, the us dept of energy naâ€¦ https://t.co/63uhbfrtb0  
, 0.0
@hmalik1977 @kingkennethynwa @henry14kay @elsieelse 1. breaking bad 2. stranger things 3. american dad 4. ray donovâ€¦ https://t.co/7ohnprev5n  
, -0.3499999999999999
cary elwes, jake busey join â€˜stranger thingsâ€™ season 3 https://t.co/r0kn5n1ain via @variety  
, 0.0
i added a video to a @youtube playlist https://t.co/ibqdjm9gzf kygo - stranger things ft. onerepublic (alan walker remix)  
, 0.0
@stephenamell are u watching walking dead, game of thrones, stranger things, or even marvel tv series like agent of shield? #askamell  
, -0.30000000000000004
beychella affects me the way stranger things does, for that reason.  
, 0.0
rt @lilyxnelson: â€œif tame impala composed stranger thingsâ€ https://t.co/g6io1dfyif  
, -0.21666666666666667
ariana is really going for a stranger things concept. first the dwt touch it version, now the upside down photos, and timer.  
, 0.09814814814814814
stranger things have happened, how strange would it be if i told you i believed you were made for me?  
, -0.05
when tf is the next stranger things season coming out  
, 0.0
rt @flryves: we going stranger things? https://t.co/y5z14rvowb  
, 0.0
rt @yourboyart: stranger things is canceled https://t.co/rezl3uxwrj  
, 0.0
@thejakebusey congrats! can't wait to see what you bring to the world of stranger things. such awesome news!  
, 0.5
@brokefemme i had to go thru my faves to dig out that old tweet of urs bc rewatching stranger things season 2  
, 0.1
rt @actiongai: i liked a @youtube video https://t.co/bkercswjwh stranger things vs fÂ°Â°tcreemuh  
, 0.6
stranger things..can't wait for season 3  
, 0.0
got a lott of assignments but nahh im going to watch stranger things first  
, 0.25
@weondinho i have a feeling youâ€™d love stranger things if you havenâ€™t already  
, 0.5
rt @whattheffacts: "stranger things" was rejected 15 to 20 times by different networks before netflix picked it up.  
, 0.0
@stranger_things millie bobby brown is not going to be in stranger things?  
, 0.0
@rdj134 net als sean astin in stranger things ğŸ¤£  
, 0.0
#nowplaying stranger things iii by https://t.co/4me6elkw5w via the @audiomack app https://t.co/fen4nrqkth https://t.co/fen4nrqkth  
, 0.0
rt @ialisyn: hype af for stranger things szn3  
, 0.0
stranger things / illustration libre #strangerthings #illustration https://t.co/sswnxl9ipp  
, 0.0
rt @cinemartistry: stranger things (2016)  directors: shawn levy, matt duffer &amp; ross duffer  cinematographers: tod campbell &amp; tim ives httpâ€¦  
, -0.75
@maijunaid 13 reasons why and stranger things are lit  
, 0.0
rt @whattheffacts: "stranger things" was rejected 15 to 20 times by different networks before netflix picked it up.  
, 0.0
rt @cinemartistry: stranger things (2016)  directors: shawn levy, matt duffer &amp; ross duffer  cinematographers: tod campbell &amp; tim ives httpâ€¦  
, -0.75
rt @lynseyclarke8: could stranger things hold the "map" that #qanon is always talking about?  check this out, the us dept of energy nationaâ€¦  
, 0.0
rt @ialisyn: hype af for stranger things szn3  
, 0.0
i hate it when " will buyers " from stranger things goes through the most ğŸ˜¢ğŸ˜£  
, -0.15000000000000002
if tame impala composed stranger things https://t.co/u9mrk53oa8 via @youtube  
, -0.21666666666666667
(5/10) july 15, 2016... netflix releases stranger things, a show  depicting an alternate dimension full of monstersâ€¦ https://t.co/kiudzulpuq  
, 0.175
rt @cinemartistry: stranger things (2016)  directors: shawn levy, matt duffer &amp; ross duffer  cinematographers: tod campbell &amp; tim ives httpâ€¦  
, -0.75
@rreapz stranger things  peaky blinders game of thrones (best ever)  
, 0.2333333333333333
rt @upsidedownfacts: stranger things season 3 has added â€˜princess brideâ€™ starÂ cary elwes, and starship trooperâ€™s jake busey https://t.co/gcâ€¦  
, 0.5
stranger things season 3 (fanmade): https://t.co/sslpumov9s via @youtube  
, 0.0
rt @fanexpocanada: #guestnews the demogorgons canâ€™t stop stranger thingsâ€™ @joe_keery (steve harrington) from coming to #fanexpocanada2018!â€¦  
, 0.0
funko mystery minis stranger things mike - new- no box https://t.co/lgdklxnhnm #bobbleheads #nodders #bobblers  
, 0.13636363636363635
rt @zaynpride: 77. assiste stranger things  
, 0.0
rt @zaynpride: 77. assiste stranger things  
, 0.0
by far, stranger things is my favorite. there should really be a season 3.  
, 0.26666666666666666
rt @whattheffacts: "stranger things" was rejected 15 to 20 times by different networks before netflix picked it up.  
, 0.0
rt @cinemartistry: stranger things (2016)  directors: shawn levy, matt duffer &amp; ross duffer  cinematographers: tod campbell &amp; tim ives httpâ€¦  
, -0.75
i liked a @youtube video https://t.co/v2pjijit0s stranger things - should i stay or should i go [xurastei ou xuragou]  
, 0.6
rt @cinemartistry: stranger things (2016)  directors: shawn levy, matt duffer &amp; ross duffer  cinematographers: tod campbell &amp; tim ives httpâ€¦  
, -0.75
rt @cinemartistry: stranger things (2016)  directors: shawn levy, matt duffer &amp; ross duffer  cinematographers: tod campbell &amp; tim ives httpâ€¦  
, -0.75
rt @lynseyclarke8: could stranger things hold the "map" that #qanon is always talking about?  check this out, the us dept of energy nationaâ€¦  
, 0.0
stranger things/bill &amp; tedâ€™s mashup called strange things are afoot at the circle k  
, -0.05
stranger things s2 ep4 lol  
, 0.8
rt @cinemartistry: stranger things (2016)  directors: shawn levy, matt duffer &amp; ross duffer  cinematographers: tod campbell &amp; tim ives httpâ€¦  
, -0.75
rt @poppoiis: most followed tv shows on instagram  
, 0.5
|#1| pretty litte liars - 7.5m |#2| the walking dead - 6.7m |#3| stranger things - 6.1mâ€¦  
, 0.024999999999999994
oh forgot to mention. the antagonist looks like a demigorgon from stranger thingsğŸ˜‚  
, 0.0
rt @ialisyn: hype af for stranger things szn3  
, 0.0
@netflixlifee stranger things  
, 0.0
rt @giftedvoicess: the stranger things kids never fail to surprise me tbh https://t.co/iajfsujhep  
, 0.25
@mckenzie_rich new girl- jane the virgin- flash- shameless- bates motel- baby daddy- stranger things- izombie- once upon a time  
, 0.13636363636363635
@annierose_cole your faverite character from stranger thingsğŸ’¡xx  
, 0.0
rt @upsidedownfacts: stranger things is preparing for filming in 8 days ğŸš¨ https://t.co/pfomnzz1mv  
, 0.0
rt @danger0usperson: figuring out this stranger things game. heâ€™s honestly the cutest ğŸ™ˆğŸ˜­ğŸ’• https://t.co/im210bnurn  
, 0.09999999999999998
i liked a @youtube video https://t.co/kplazdklq8 stranger things ğŸ“± - ricky berwick  
, 0.6
@itsveerosee stranger things is the best ğŸ’€  
, 1.0
@leofwg como caralho stranger things ganhou de breaking bad wtf  
, -0.5999999999999999
rt @xxnicole: o cast de stranger things inteiro. https://t.co/m6dpuf6jmw  
, 0.0
rt @itsletricia: nancy e jonathan - stranger things season one https://t.co/pk34a9pkk8  
, 0.0
im also going to delete stranger things cause.. iâ€™m not that big of a fan oops donâ€™t hate me  
, -0.4
watch: the office  dexter  stranger things  the walking dead house of cards bob's burgers parks and rec suits spongebob  teletubbies  
, -0.2
rt @80sreddle: anyone notice mike from stranger things kinda looks like that kid with the glasses from it? lmao! ğŸ˜‚ ğŸ˜‚  
, 0.75
rt @strangertbr: gaten, caleb e sadie durante o painel de stranger things na fan expo dallas. ğŸ˜ https://t.co/ognwd5kr0h  
, 0.0
rt @swiftlyheaton: itâ€™s what the gay stranger things stans deserve https://t.co/6qsttvfr5x  
, 0.4166666666666667
@cjades cheryl blossom from riverdale, eleven from stranger things  
, 0.0
@cjades stranger things  
, 0.0
@kntswan @funficstore greys anatomy, stranger things  
, 0.0
rt @strangertbr: gaten, caleb e sadie durante o painel de stranger things na fan expo dallas. ğŸ˜ https://t.co/ognwd5kr0h  
, 0.0
â€” stranger things ! https://t.co/sz5nnd0gih  
, 0.0
@robincovington the walking dead, forensic files, stranger things  
, -0.2
rt @rtyourlgbts: mike &amp; will (byler) | stranger things https://t.co/dbdsmgabjc  
, 0.0
rt @oneperfectshot: stranger things (2016)  
, -0.75
dp: tim ives  director: matt duffer, ross duffer more shots: https://t.co/9gfeq8bvw9 https://t.â€¦  
, 0.5
stranger things stop adding adult characters challenge you canâ€™t even give your top paid ones enough screen time  
, 0.19999999999999998
â€” stranger things season two livetweets https://t.co/ehoqcvmami  
, 0.0
rt @yourboyart: stranger things is canceled https://t.co/rezl3uxwrj  
, 0.0
rt @rtyourlgbts: mike &amp; will (byler) | stranger things https://t.co/dbdsmgabjc  
, 0.0
icymi: cary elwes and jake busey are joining stranger things for season 3 https://t.co/kv6xuinflh  
, 0.0
â€˜stranger thingsâ€™ season 3 is coming! hereâ€™s everything we know so far  
, 0.1
stranger things managed to pull off a toughâ€¦ https://t.co/dtw7rw7l52  
, 0.0
@strangerwriters i had an idea for stranger things if you would take your timw to listen  
, 0.0
'stranger things' actor peyton wich was cast in sony's 'goosebumps 2,' joining wendi mclendon-covey, ken jeong andâ€¦ https://t.co/7qkcydxuuj  
, 0.0
@lanapedia @lanadelrey @jordidelreyy why does this look like something out of a stranger things episode and why do i love it  
, 0.5
rt @rtyourlgbts: mike &amp; will (byler) | stranger things https://t.co/dbdsmgabjc  
, 0.0
stranger things s2e7: https://t.co/z7lsfex0cu via @youtube  
, 0.0
i liked a @youtube video https://t.co/aqbcdumq3w stranger things phone dropping memes compilation 2  
, 0.6
finally watched stranger things stuff and not an actual sequel to the first game  
, -0.037500000000000006
rt @poppoiis: the 20 most popular tv shows of the year so far {via. insider}  
, 0.4000000000000001
|#1| game of thrones |#2| stranger things |#3| the walking deâ€¦  
, -0.4
lavaza stranger things hard transparent for galaxy s2 s3 s4 s5 &amp; mini s6 s7 edge s8 plus usd 2.42â€¦ https://t.co/boqry1oajd  
, -0.2916666666666667
rt @hermainem: conscious rappers can go commercial but trappers can't go conscious.  
, 0.06666666666666667
joyner lucas &amp; chris brown stranger things ğŸ˜­ https://tâ€¦  
, 0.0
rt @danger0usperson: figuring out this stranger things game. heâ€™s honestly the cutest ğŸ™ˆğŸ˜­ğŸ’• https://t.co/im210bnurn  
, 0.09999999999999998
i still never watched stranger things  
, 0.0
rt @cinemartistry: stranger things (2016)  directors: shawn levy, matt duffer &amp; ross duffer  cinematographers: tod campbell &amp; tim ives httpâ€¦  
, -0.75
rt @ingridmusic: please sing with me on my stranger things inspired record @milliebbrown.  i know your can sing. and floss.  still trying tâ€¦  
, 0.0
@cjades stranger things  
, 0.0
rt @cinemartistry: stranger things (2016)  directors: shawn levy, matt duffer &amp; ross duffer  cinematographers: tod campbell &amp; tim ives httpâ€¦  
, -0.75
rt @zaynpride: 77. assiste stranger things  
, 0.0
rt @rtyourlgbts: mike &amp; will (byler) | stranger things https://t.co/dbdsmgabjc  
, 0.0
haha stranger things looks like itâ€™ll creep me out, game of thrones isnâ€™t on netflix &amp; walking dead gave me zombieâ€¦ https://t.co/dzgkk2qqvp  
, -0.13333333333333333
watches stranger things once: https://t.co/mtmyhfu7kw  
, 0.0
rt @sarahmcgbeauty: netflix and stranger things have officially been tasked with the unique honor of featuring cary elwes in a series set iâ€¦  
, 0.375
@nowthisnews stranger things is not really interesting so i donâ€™t care :/  
, -0.25
rt @____issma: i really need season 3 of stranger things to come out!  
, 0.25
stranger things https://t.co/kqu9g7hsew  
, 0.0
stranger things season 3 starts filming. man. i cant wait.  
, 0.0
rt @zaynpride: 77. assiste stranger things  
, 0.0
rt @zaynpride: 77. assiste stranger things  
, 0.0
@waxpancake unpopular opinion: i feel somewhat similar about stranger things.  
, 0.0
rt @rtyourlgbts: mike &amp; will (byler) | stranger things https://t.co/dbdsmgabjc  
, 0.0
stranger things: relaying messages to parents and cops - love, light, &amp; seriously? https://t.co/q6oprtya6y  
, 0.18888888888888888
rt @ehjovan: wait jacob sagittarius cheated on stranger things? love is dead  
, 0.15
rt @thatericalper: hasbro and netflix have released a stranger things edition of the popular board game monopoly:  https://t.co/avxviilxpm  
, 0.09999999999999998
rt @btstvshows: stranger things (2016) https://t.co/lyca9rlekq  
, -0.75
ğŸ¥ stranger things  
, 0.0
rt @bevclub: rt/like to be in a gc ğŸ’˜  
, 0.0
- be willing to be friends - stan it/stranger things - be active + funny - must have open dms - nameâ€¦  
, 0.09166666666666667
rt @zaynpride: 77. assiste stranger things  
, 0.0
vivendo pra stranger things season 3  
, 0.0
iâ€™ve just finished season one of stranger things and donâ€™t know if i related to steve or dustin more but honestly pâ€¦ https://t.co/d25p3jz1ix  
, 0.3666666666666667
@comediaschool @avalanche @predsnhl in nashville??? really hard to keep the faith... but hey, stranger things happen...  
, -0.2916666666666667
am i the only one who thinks that a quiet place and stranger things are related?  
, 0.0
netflix cast 2 brand new roles for season 3 of stranger things - here's who's playing them https://t.co/uqxshypcxe https://t.co/hnaokrpfyk  
, 0.13636363636363635
rt @dutchyfan9: @comediaschool @avalanche @predsnhl in nashville??? really hard to keep the faith... but hey, stranger things happen...  
, -0.2916666666666667
jfc! please tell me that this is a fake, otherwise i think that stranger things is more then a netflix series! https://t.co/dugknbj8bj  
, 0.0625
rt @zaynpride: 77. assiste stranger things  
, 0.0
rt @ew: stranger things season 3 appoints cary elwes as mayor https://t.co/rmr1zehe0h  
, 0.5
rt @jonastydrawz: #filmstruck4  â€¢ spongeknob squarenuts â€¢ porno things: a stranger things porn parody â€¢ avenger vs x-men xxx: an alex braunâ€¦  
, 0.0
rt @zaynpride: 77. assiste stranger things  
, 0.0
rt @cinemartistry: stranger things (2016)  directors: shawn levy, matt duffer &amp; ross duffer  cinematographers: tod campbell &amp; tim ives httpâ€¦  
, -0.75
rt @eeg213: starting a grassroots movement in speegles- write in stranger things for the room theme!!!!!!!!!!!!!  
, 0.0
cary elwes and jake busey enter the world of the upside down for season 3 of stranger things!  #stangerthingsâ€¦ https://t.co/483clyofxj  
, -0.19444444444444448
rt @noahhcredito: fandom de stranger things quando sair a season 3 https://t.co/eyrunbrrwv  
, 0.0
rt @cinemartistry: stranger things (2016)  directors: shawn levy, matt duffer &amp; ross duffer  cinematographers: tod campbell &amp; tim ives httpâ€¦  
, -0.75
like if you find it cool! love stranger things?   
, 0.46875
visit us: https://strange ... https://t.co/syhottnlpi https://t.co/2wurw9rxly  
, 0.0
@crulon_ae a nail bat  
, 0.0
or a barbed wire bat  
, 0.0
mostly the first though bcos steve from stranger things  
, 0.375
rt @whattheffacts: "stranger things" was rejected 15 to 20 times by different networks before netflix picked it up.  
, 0.0
rt @quitdevils: ariana is lit with all this upside down stuff, stranger things is shaking  
, -0.15555555555555559
rt @lynseyclarke8: could stranger things hold the "map" that #qanon is always talking about?  check this out, the us dept of energy nationaâ€¦  
, 0.0
stranger things &amp;it oof https://t.co/f5ovh3tbk5  
, 0.0
rt @ialisyn: hype af for stranger things szn3  
, 0.0
rt @thenerdragepod: cary elwes and jake busey enter the world of the upside down for season 3 of stranger things!  #stangerthings #netflixâ€¦  
, -0.19444444444444448
rt @hawkins_things: stranger things is preparing for filming in 10 days !! are you all ready ?? #strangerthings #strangerthings3 https://t.â€¦  
, 0.2
rt @zaynpride: 77. assiste stranger things  
, 0.0
rt @upsidedownfacts: stranger things season 3 has added â€˜princess brideâ€™ starÂ cary elwes, and starship trooperâ€™s jake busey https://t.co/gcâ€¦  
, 0.5
stranger things vibes https://t.co/7uzjm87cpx  
, 0.0
rt @noahhcredito: fandom de stranger things quando sair a season 3 https://t.co/eyrunbrrwv  
, 0.0
1st period 13th min. miron berezin scores a #goal ! stranger things fc 1 - 0 pasaribu #live https://t.co/vznkmcqj24  
, 0.06818181818181818
ğŸ™ƒstranger thingsâ˜ºï¸ 109/365 #sphynxswag #sphynx #sphynxlair #netflix #strangerthings @ losâ€¦ https://t.co/cq8bszzyd7  
, 0.0
rt @ellle_em: what if i told you the thing i'm sorta writing right now is like stranger things meets foster's home for imaginary friends/diâ€¦  
, 0.2857142857142857
day 27 = "best pilot episode"  
, 1.0
- "chapter one: the vanishing of will byers" from stranger things https://t.co/tkhmdtuebu  
, 0.0
i like a) the upside down in stranger things and b) the morales mix of diana rossâ€™ upside down. i do not need any more upside downs.  
, 0.06296296296296294
rt @denofgeek: stranger things season 3 adds cary elwes and jake busey https://t.co/1qy6tzefrc https://t.co/zjvonkumia  
, 0.5
rt @zaynpride: 77. assiste stranger things  
, 0.0
@jules_avila   
, 0.0
- 3 berries wieeee - tanauan - mathy - stranger things - vans  
, 0.0
2nd period 85th min. miron kalosha celebrates his #goal with his fans! stranger things fc 2 - 0 pasaribu #live https://t.co/vznkmcqj24  
, 0.06818181818181818
ok. so far i've binged watched stranger things. now i'm watching santa clarita diet. this show is funny. i like it.â€¦ https://t.co/o4etwjcyns  
, 0.2833333333333333
rt @revengeotfans: stranger things season 3 sees carey elwes and jake busey joining the cast, plus characterÂ details! https://t.co/xaofggghâ€¦  
, 0.625
fucking bob in stranger things is severely underrated.  
, -0.6
stranger things https://t.co/w04m7vdcih  
, 0.0
hey @ciscocollab where is that stranger things video for #collaboration? #chills #ciscowebex that was awesome.  
, 1.0
rt @lisakozhy: how can iï¸ make it known that iï¸ stan tom, zendaya, josh &amp; lucas, cody ko, david, liza, tina, enya, stranger things, it andâ€¦  
, 0.0
rt @xxnicole: o cast de stranger things inteiro. https://t.co/m6dpuf6jmw  
, 0.0
rt @zaynpride: 77. assiste stranger things  
, 0.0
1st period 11th min. miron kalosha scores a #goal ! stranger things fc 1 - 0 hbk (dx) #live https://t.co/fyok9ihl7n  
, 0.13636363636363635
rt @bevclub: rt/like to be in a gc ğŸ’˜  
, 0.0
- be willing to be friends - stan it/stranger things - be active + funny - must have open dms - nameâ€¦  
, 0.09166666666666667
rt @zaynpride: 77. assiste stranger things  
, 0.0
jeeze, hopper! i am looking for the shadow monster, not stranger things!  
, 0.0
2nd period 79 min #equalizer by christian edgar stranger things fc 1 - 1 hbk (dx) #live https://t.co/fyok9ihl7n  
, 0.04545454545454545
#fulltime it's a tie! stranger things fc 1 - 1 hbk (dx) #live https://t.co/ingxjapchp  
, 0.13636363636363635
rt @xxnicole: o cast de stranger things inteiro. https://t.co/m6dpuf6jmw  
, 0.0
@kaykay0715 @bheintzskol don't think so. need 13 wins for a chance at 1 but stranger things have happened  
, 0.3
rt @xxnicole: o cast de stranger things inteiro. https://t.co/m6dpuf6jmw  
, 0.0
stranger things s2 ğŸ“½  
, 0.0
is it time i finally give in and watch stranger things? probably not  
, 0.0
i've just watched episode s02e06 of stranger things! #tvtime https://t.co/lmn0avxpmt https://t.co/ron6hd25wt  
, 0.0
rt @whattheffacts: "stranger things" was rejected 15 to 20 times by different networks before netflix picked it up.  
, 0.0
rt @ialisyn: hype af for stranger things szn3  
, 0.0
stranger things https://t.co/5b6doycdsz  
, 0.0
rt @screendaily: .@cary_elwes, jake busey (@thejakebusey) are the new recruits headed to hawkins for stranger things season 3 https://t.co/â€¦  
, 0.13636363636363635
rt @bevclub: rt/like to be in a gc ğŸ’˜  
, 0.0
- be willing to be friends - stan it/stranger things - be active + funny - must have open dms - nameâ€¦  
, 0.09166666666666667
iâ€™m about to make a milo and play the xbox one. i just finished watching stranger things season 1 and season 2 andâ€¦ https://t.co/2ufhec4gxg  
, 0.0
my god, need to re-watch stranger things...  
, 0.0
rt @bevclub: rt/like to be in a gc ğŸ’˜  
, 0.0
- be willing to be friends - stan it/stranger things - be active + funny - must have open dms - nameâ€¦  
, 0.09166666666666667
stranger things 2 here i go hahahahaha  
, 0.2
should i stay or should i go? ğŸ¶  ep 4 stranger things ğŸ¥  
, 0.0
rt @bevclub: rt/like to be in a gc ğŸ’˜  
, 0.0
- be willing to be friends - stan it/stranger things - be active + funny - must have open dms - nameâ€¦  
, 0.09166666666666667
rt @hawkins_things: stranger things is preparing for filming in 10 days !! are you all ready ?? #strangerthings #strangerthings3 https://t.â€¦  
, 0.2
rt @bevclub: rt/like to be in a gc ğŸ’˜  
, 0.0
- be willing to be friends - stan it/stranger things - be active + funny - must have open dms - nameâ€¦  
, 0.09166666666666667
à¹à¸Šà¸£à¹Œà¸Šà¸µà¸£à¸µà¸¢à¹Œà¸à¸£à¸±à¹ˆà¸‡à¸—à¸µà¹ˆà¸”à¸¹ got, skins, the inbetweeners , the end of the f***ing world ,atypical , stranger things , my mâ€¦ https://t.co/oabok5ssu8  
, 0.0
most people thought i was really late on season 1 of stranger things. that barbara was the worst  
, -0.26666666666666666
iâ€™m about to make a milo and play the xbox one or fortnite mobile, i just finished watching stranger things seasonâ€¦ https://t.co/citxiunvks  
, 0.0
i woke up like this em stranger things https://t.co/nz5wepmzyo  
, 0.0
rt @ingridmusic: please sing with me on my stranger things inspired record @milliebbrown.  i know your can sing. and floss.  still trying tâ€¦  
, 0.0
@anomalyalice stranger things is just a cheap nostalgia ploy  
, 0.4
rt @denofgeek: stranger things season 3 adds cary elwes and jake busey https://t.co/1qy6tzefrc https://t.co/zjvonkumia  
, 0.5
rt @ingridmusic: please sing with me on my stranger things inspired record @milliebbrown.  i know your can sing. and floss.  still trying tâ€¦  
, 0.0
rt @vevo: the couple in the video for "stranger things" by @kygomusic ft. @onerepublic has to deal with the long arm of the law after a fewâ€¦  
, -0.05
rt @zaynpride: 77. assiste stranger things  
, 0.0
rt @ialisyn: hype af for stranger things szn3  
, 0.0
rt @zaynpride: 77. assiste stranger things  
, 0.0
rt @xxnicole: o cast de stranger things inteiro. https://t.co/m6dpuf6jmw  
, 0.0
stranger things â¤â¤ğŸŒºğŸŒ¹â¤â¤ https://t.co/fgtfmiuxhf  
, 0.0
rt @80sreddle: anyone notice mike from stranger things kinda looks like that kid with the glasses from it? lmao! ğŸ˜‚ ğŸ˜‚  
, 0.75
âš¡ï¸ â€œtalent show 2018: stranger thingsâ€  
, 0.0
https://t.co/ynphequjpn  
, 0.0
i am watching the stranger things and im not hooked yet sis bro?  
, 0.0
rt @ew: stranger things season 3 appoints cary elwes as mayor https://t.co/rmr1zehe0h  
, 0.5
rt @rtyourlgbts: mike &amp; will (byler) | stranger things https://t.co/dbdsmgabjc  
, 0.0
i woke up like this em stranger things https://t.co/pppzcqszhi  
, 0.0
@jjaimeheller not the kid from stranger things jaime  
, 0.0
rt @clickhole: a historic loss: barbara bush, a woman famous for never once being horny for the â€˜stranger thingsâ€™ kids, has passed away atâ€¦  
, 0.25
@veronicamonts17 hell0 fellow stranger things and maze runner fan ğŸ˜»  
, 0.0
rt @xxnicole: o cast de stranger things inteiro. https://t.co/m6dpuf6jmw  
, 0.0
rt @justtomholland: i need more mutuals who stan: tom holland marvel sebastian stan stranger things nick robinson joe keery dacre montgomerâ€¦  
, 0.5
rt @zaynpride: 77. assiste stranger things  
, 0.0
nw: stranger things s2  
, 0.0
so i live in pakistan and i love stranger things and iâ€™m proud it makes me a geeky nerd but that doesnâ€™t makes sensâ€¦ https://t.co/arizwg2m38  
, 0.4787878787878788
rt @mashable: new 'stranger things' details! https://t.co/k2bystxisp  
, 0.17045454545454544
rt @zaynpride: 77. assiste stranger things  
, 0.0
rt @huffpost: did you want to see another famous face from the â€™80s in the next season of â€œstranger thingsâ€? as you wish. https://t.co/mnf9â€¦  
, 0.25
waiting for news on the stranger things table read while i suffer for scandal hollywood needs to let me rest  
, 0.0
rt @mashable: new 'stranger things' details! https://t.co/k2bystxisp  
, 0.17045454545454544
rt @hawkins_things: stranger things is preparing for filming in 10 days !! are you all ready ?? #strangerthings #strangerthings3 https://t.â€¦  
, 0.2
happy thursday! the day you know the weekend is near! lets go through more stranger things in ğŸ®oxenfree ğŸ® drop by!â€¦ https://t.co/uyzfclpeei  
, 0.5416666666666666
@alexgoalkeep me:what channel is stranger things on?  
, 0.0
there together a last minute stranger things costume for trivia #strangerthings #strangerthingscosplay #joycebyersâ€¦ https://t.co/zkdf8kei0l  
, 0.0
rt @upsidedownfacts: stranger things season 3 has added â€˜princess brideâ€™ starÂ cary elwes, and starship trooperâ€™s jake busey https://t.co/gcâ€¦  
, 0.5
rt @hawkins_things: stranger things is preparing for filming in 10 days !! are you all ready ?? #strangerthings #strangerthings3 https://t.â€¦  
, 0.2
rt @hawkins_things: stranger things is preparing for filming in 10 days !! are you all ready ?? #strangerthings #strangerthings3 https://t.â€¦  
, 0.2
rt @oneperfectshot: stranger things (2016)  
, -0.75
dp: tim ives  director: matt duffer, ross duffer more shots: https://t.co/9gfeq8bvw9 https://t.â€¦  
, 0.5
the lost boys.. netflix needs to make this a series with a stranger things tone #oldthingsiwantback https://t.co/xyrvj3ojxu  
, 0.0
rt @ingridmusic: please sing with me on my stranger things inspired record @milliebbrown.  i know your can sing. and floss.  still trying tâ€¦  
, 0.0
rt @zaynpride: 77. assiste stranger things  
, 0.0
stranger things season 3! yessss https://t.co/86ey71azfy  
, 0.0
rt @dopespillcomics: the lost boys.. netflix needs to make this a series with a stranger things tone #oldthingsiwantback https://t.co/xyrvjâ€¦  
, 0.0
iâ€™ve never seen stranger things but i know enough to recognize the doppelgÃ¤nger of that sheriff character the internet loves so well  
, 0.0
watch this, donâ€™t tell me that this doesnâ€™t look like stranger things https://t.co/pasflalfje  
, 0.0
@theatrefelicity stranger things have happened ğŸ˜‰  
, 0.0
rt @ingridmusic: please sing with me on my stranger things inspired record @milliebbrown.  i know your can sing. and floss.  still trying tâ€¦  
, 0.0
rt @80sreddle: anyone notice mike from stranger things kinda looks like that kid with the glasses from it? lmao! ğŸ˜‚ ğŸ˜‚  
, 0.75
yess 1: stranger things  2: dynastie  3: la casa de papel https://t.co/cltbifbete  
, 0.0
rt @oneperfectshot: stranger things (2016)  
, -0.75
dp: tim ives  director: matt duffer, ross duffer more shots: https://t.co/9gfeq8bvw9 https://t.â€¦  
, 0.5
6th graders all grossed out watching the kisses on stranger things ğŸ˜‚ğŸ˜‚  
, 0.0
@hay_sigs shameless, breaking bad, stranger things  
, -0.6999999999999998
rt @ialisyn: hype af for stranger things szn3  
, 0.0
rt @ingridmusic: please sing with me on my stranger things inspired record @milliebbrown.  i know your can sing. and floss.  still trying tâ€¦  
, 0.0
@jnlle_tamayo  -star wars -the office -dodie -stranger things -noah schnapp -john krasinski -b99 -rs  
, 0.0
hoi ang cute ko  
, 0.5
rt @oneperfectshot: stranger things (2016)  
, -0.75
dp: tim ives  director: matt duffer, ross duffer more shots: https://t.co/9gfeq8bvw9 https://t.â€¦  
, 0.5
rt @zaynpride: 77. assiste stranger things  
, 0.0
stranger things s3 casting announcement - the futon critic https://t.co/ahf71jmsgm  
, 0.0
i miss stranger things might watch that sht again.  
, 0.0
rt @zaynpride: 77. assiste stranger things  
, 0.0
rt @ign: all the best '80s references from stranger things!  
, 1.0
https://t.co/zhegel3sa9 https://t.co/v3hby9psy4  
, 0.0
gg sherlock friends tvd stranger things fav karakterlerin â€” gg: chuck friends: chandler joey&gt;ross  tvd: damon st: sâ€¦ https://t.co/zgokqtit1z  
, 0.0
rt @4d_productions: âš¡ï¸ â€œtalent show 2018: stranger thingsâ€  
, 0.0
https://t.co/ynphequjpn  
, 0.0
rt @80sreddle: anyone notice mike from stranger things kinda looks like that kid with the glasses from it? lmao! ğŸ˜‚ ğŸ˜‚  
, 0.75
rt @strangertbr: gaten, caleb e sadie durante o painel de stranger things na fan expo dallas. ğŸ˜ https://t.co/ognwd5kr0h  
, 0.0
rt @cinemartistry: stranger things (2016)  directors: shawn levy, matt duffer &amp; ross duffer  cinematographers: tod campbell &amp; tim ives httpâ€¦  
, -0.75
you know, when you really think about it, higuarashi was the mid-2000's stranger things...only it didn't need to maâ€¦ https://t.co/nmilxnv6px  
, 0.2
rt @xxnicole: o cast de stranger things inteiro. https://t.co/m6dpuf6jmw  
, 0.0
been playing stranger things' title sequence on repeat for like an hour now what is wrong with me  
, -0.5
@_fearoftrying_ i love panic!, waterparks, crankthatfrank, shane dawson, and stranger things, like if you like anyâ€¦ https://t.co/gpqoi5fwm6  
, 0.625
ooh. cary elwes is going to be in s3 of stranger things!  
, 0.0
stranger things starts filming this weekend https://t.co/8ujgrdniov  
, 0.0
@groovybruce if offered would you like to take a part on stranger things?  
, 0.0
rt @cinemartistry: stranger things (2016)  directors: shawn levy, matt duffer &amp; ross duffer  cinematographers: tod campbell &amp; tim ives httpâ€¦  
, -0.75
should i watch stranger things? hmmmm??  
, 0.0
rt @zaynpride: 77. assiste stranger things  
, 0.0
@arianagrande this is getting kinda like stranger things  
, 0.0
rt @comicnewsglobal: stranger things 3 casts cary elwes and jake busey https://t.co/sybpqn1whw  
, 0.5
gayle running 2s. stranger things  
, 0.0
rt @zaynpride: 77. assiste stranger things  
, 0.0
13 reasons why, riverdale, stranger things and degrassi â€” favorite netflix series  
, 0.5
rt @zaynpride: 77. assiste stranger things  
, 0.0
rt @zaynpride: 77. assiste stranger things  
, 0.0
rt @zaynpride: 77. assiste stranger things  
, 0.0
rt @majorjipp: remember that kid from stranger things? this is him now. feel old yet? https://t.co/kswcillvko  
, 0.1
@qu33n_julie @clowndaddie stranger things stand gotta protect each other what can i sayğŸ˜¤ğŸ˜¤  
, -0.125
#strangerthingsfans stranger things bicycle logo necklace https://t.co/6lxkvhwrkm https://t.co/weuwj7lgqa  
, 0.0
rt @bitethecurb: stranger things but danny devito is eleven  
, 0.0
@vm__x @_gypsyx iâ€™m going to hhn. they have stranger things  
, 0.0
rt @zedsarcade: happy thursday! the day you know the weekend is near! lets go through more stranger things in ğŸ®oxenfree ğŸ® drop by! say hi!â€¦  
, 0.5833333333333334
cary elwes of â€˜the princess brideâ€™ to join â€˜stranger thingsâ€™ season 3 https://t.co/qrvd8aaru0  
, 0.0
rt @alleyofbooks: wesley is coming to stranger things! https://t.co/m51nheaajr  
, 0.0
rt @jonastydrawz: #filmstruck4  â€¢ spongeknob squarenuts â€¢ porno things: a stranger things porn parody â€¢ avenger vs x-men xxx: an alex braunâ€¦  
, 0.0
okay. mala stranger things vibe sa a quiet place ğŸ˜‚  
, 0.25
rt @bevclub: rt/like to be in a gc ğŸ’˜  
, 0.0
- be willing to be friends - stan it/stranger things - be active + funny - must have open dms - nameâ€¦  
, 0.09166666666666667
eleven stranger things bleeding nose black sweatshirt #urbanstreetwear https://t.co/zlob59pvj2  
, -0.16666666666666666
rt @rbbeaimh: stranger things' impact https://t.co/hjhgjlskr8  
, 0.0
@falcoholicmatt @falconskelsey @keanu_neal hey is this a stranger things reference  
, 0.0
rt @bevclub: rt/like to be in a gc ğŸ’˜  
, 0.0
- be willing to be friends - stan it/stranger things - be active + funny - must have open dms - nameâ€¦  
, 0.09166666666666667
rt @clickhole: a historic loss: barbara bush, a woman famous for never once being horny for the â€˜stranger thingsâ€™ kids, has passed away atâ€¦  
, 0.25
rt @noahhcredito: fandom de stranger things quando sair a season 3 https://t.co/eyrunbrrwv  
, 0.0
rt @xxnicole: o cast de stranger things inteiro. https://t.co/m6dpuf6jmw  
, 0.0
rt @80sreddle: anyone notice mike from stranger things kinda looks like that kid with the glasses from it? lmao! ğŸ˜‚ ğŸ˜‚  
, 0.75
rt @noahhcredito: fandom de stranger things quando sair a season 3 https://t.co/eyrunbrrwv  
, 0.0
rt @rachelm55821874: stranger things casts cary elwes, jake busey for season 3 - cnet: #ai #iot #bigdata ht @mikequindazzi https://t.co/4btâ€¦  
, 0.0
re-watching beyond: two souls and it is legit stranger things with the scientists opening the gate for the spiritsâ€¦ https://t.co/z3xysorhtc  
, 0.0
rt @noahhcredito: fandom de stranger things quando sair a season 3 https://t.co/eyrunbrrwv  
, 0.0
rt @zaynpride: 77. assiste stranger things  
, 0.0
the love of my life, @cary_elwes is going to be in stranger things season 3!!! ğŸ˜­ğŸ˜­ğŸ˜­ğŸ˜­my wesley !#asyouwish https://t.co/jamls1h424  
, 1.0
rt @bitethecurb: stranger things but danny devito is eleven  
, 0.0
rt @riosantosss: today's look is inspired by winona ryder on stranger things after her son is kidnapped by aliens.  
, 0.0
rt @xxnicole: o cast de stranger things inteiro. https://t.co/m6dpuf6jmw  
, 0.0
rt @gamespot: the stranger things 3 cast adds more nostalgic names https://t.co/ussow1ezzy https://t.co/r1i49pypfe  
, 0.0
â–¸ 13 reasons why, riverdale, degrassi and stranger things â€” favorite netflix series  
, 0.5
rt @zaynpride: 77. assiste stranger things  
, 0.0
rt @zaynpride: 77. assiste stranger things  
, 0.0
rt @hawkins_things: stranger things is preparing for filming in 10 days !! are you all ready ?? #strangerthings #strangerthings3 https://t.â€¦  
, 0.2
why did jack name it as twitter and not 'stranger things' ?  
, 0.0
rt @strangertbr: gaten, caleb e sadie durante o painel de stranger things na fan expo dallas. ğŸ˜ https://t.co/ognwd5kr0h  
, 0.0
rt @cinemartistry: stranger things (2016)  directors: shawn levy, matt duffer &amp; ross duffer  cinematographers: tod campbell &amp; tim ives httpâ€¦  
, -0.75
this saturday @deafinstitute we'll be dancing to the stranger things soundtrack for girls on film - stranger thingsâ€¦ https://t.co/wiuofbu9cu  
, 0.0
s3 stranger things s3 riverdale s2 13 reasons s2 the end of the fucking world  
, -0.6
anuna netflix?!?!  
, 0.0
rt @jimhalpert__: stranger things (2016) https://t.co/ethe2sm4jj  
, -0.75
'stranger things' casts cary elwes and jake busey for season 3 https://t.co/pzj7b5grjq via @yahooent  
, 0.0
rt @amladydragonfly: @mrstad season 2 of stranger things!  
, 0.0
rt @xxnicole: o cast de stranger things inteiro. https://t.co/m6dpuf6jmw  
, 0.0
3- stranger things  youâ€™ll get addicted to it immediately itâ€™s such a great series scary/horrifying but in a cute wâ€¦ https://t.co/l15mzehmz9  
, 0.225
stranger things #arts #artist #artwork https://t.co/7vdkupf3oz  
, 0.0
lowest ask: $200 reebok ex-o-fit clean hi bait x ghostbusters x stranger things sz. 9.5 https://t.co/jehs5rbair # https://t.co/u0fcdugzwi  
, 0.3666666666666667
rt @marryarbilo: s3 stranger things s3 riverdale s2 13 reasons s2 the end of the fucking world  
, -0.6
anuna netflix?!?!  
, 0.0
rt @davidgross_man: extremely mad the stranger things kids became famous as opposed to the american vandal kids  
, -0.041666666666666664
ok but like the transition from stranger things to halloween gives me chills https://t.co/vfvpdttbqk  
, 0.5
icymi: cary elwes and jake busey are joining stranger things for season 3 https://t.co/iyvlbpogxz  
, 0.0
everyone is saying that stranger things is the best is it? should i watch stranger things  
, 1.0
rt @joeybirlem: stranger things. 2 days. who's ready  
, 0.2
rt @noahhcredito: fandom de stranger things quando sair a season 3 https://t.co/eyrunbrrwv  
, 0.0
rt @ialisyn: hype af for stranger things szn3  
, 0.0
hopefully not... but stranger things have happened (look at summer 2007 following the hot ad dry april of 2007 forâ€¦ https://t.co/9tvg0vmghk  
, 0.061111111111111116
rt @noahhcredito: fandom de stranger things quando sair a season 3 https://t.co/eyrunbrrwv  
, 0.0
rt @cinemartistry: stranger things (2016)  directors: shawn levy, matt duffer &amp; ross duffer  cinematographers: tod campbell &amp; tim ives httpâ€¦  
, -0.75
rt @xxnicole: o cast de stranger things inteiro. https://t.co/m6dpuf6jmw  
, 0.0
rt @joeybirlem: â”â”“   â”ƒâ”ƒâ•±â•² in â”ƒâ•±â•±â•²â•²  this â•±â•±â•­â•®â•²â•²   house â–”â–â”—â”›â–•â–”    we â•±â–”â–”â–”â–”â–”â–”â–”â–”â–”â–”â•²         love stranger things â•±â•±â”â”³â”“â•­â•®â”â”³â”“ â•²â•²  â–”â–â”—â”»â”›â”ƒâ”ƒâ”—â”»â”›â–•  
, 0.5
rt @riosantosss: today's look is inspired by winona ryder on stranger things after her son is kidnapped by aliens.  
, 0.0
rt @joeybirlem: â”â”“   â”ƒâ”ƒâ•±â•² in â”ƒâ•±â•±â•²â•²  this â•±â•±â•­â•®â•²â•²   house â–”â–â”—â”›â–•â–”    we â•±â–”â–”â–”â–”â–”â–”â–”â–”â–”â–”â•²         love stranger things â•±â•±â”â”³â”“â•­â•®â”â”³â”“ â•²â•²  â–”â–â”—â”»â”›â”ƒâ”ƒâ”—â”»â”›â–•  
, 0.5
rt @joeybirlem: â”â”“   â”ƒâ”ƒâ•±â•² in â”ƒâ•±â•±â•²â•²  this â•±â•±â•­â•®â•²â•²   house â–”â–â”—â”›â–•â–”    we â•±â–”â–”â–”â–”â–”â–”â–”â–”â–”â–”â•²         love stranger things â•±â•±â”â”³â”“â•­â•®â”â”³â”“ â•²â•²  â–”â–â”—â”»â”›â”ƒâ”ƒâ”—â”»â”›â–•  
, 0.5
rt @zaynpride: 77. assiste stranger things  
, 0.0
rt @joeybirlem: â”â”“   â”ƒâ”ƒâ•±â•² in â”ƒâ•±â•±â•²â•²  this â•±â•±â•­â•®â•²â•²   house â–”â–â”—â”›â–•â–”    we â•±â–”â–”â–”â–”â–”â–”â–”â–”â–”â–”â•²         love stranger things â•±â•±â”â”³â”“â•­â•®â”â”³â”“ â•²â•²  â–”â–â”—â”»â”›â”ƒâ”ƒâ”—â”»â”›â–•  
, 0.5
rt @joeybirlem: stayed up all night to watch stranger things, then fell asleep on the first episode. now i have 3 hours of sleep and i neveâ€¦  
, 0.25
rt @zaynpride: 77. assiste stranger things  
, 0.0
rt @joeybirlem: â”â”“   â”ƒâ”ƒâ•±â•² in â”ƒâ•±â•±â•²â•²  this â•±â•±â•­â•®â•²â•²   house â–”â–â”—â”›â–•â–”    we â•±â–”â–”â–”â–”â–”â–”â–”â–”â–”â–”â•²         love stranger things â•±â•±â”â”³â”“â•­â•®â”â”³â”“ â•²â•²  â–”â–â”—â”»â”›â”ƒâ”ƒâ”—â”»â”›â–•  
, 0.5
rt @denofgeek: stranger things season 3 adds cary elwes and jake busey https://t.co/1qy6tzefrc https://t.co/zjvonkumia  
, 0.5
rt @joeybirlem: stayed up all night to watch stranger things, then fell asleep on the first episode. now i have 3 hours of sleep and i neveâ€¦  
, 0.25
rt @joeybirlem: stayed up all night to watch stranger things, then fell asleep on the first episode. now i have 3 hours of sleep and i neveâ€¦  
, 0.25
rt @joeybirlem: stayed up all night to watch stranger things, then fell asleep on the first episode. now i have 3 hours of sleep and i neveâ€¦  
, 0.25
rt @joeybirlem: stranger things. 2 days. who's ready  
, 0.2
rt @joeybirlem: stranger things. 2 days. who's ready  
, 0.2
@projetokatybr #premiosmtvmiaw #mtvbrpetnugget stranger things  
, 0.0
rt @joeybirlem: â”â”“   â”ƒâ”ƒâ•±â•² in â”ƒâ•±â•±â•²â•²  this â•±â•±â•­â•®â•²â•²   house â–”â–â”—â”›â–•â–”    we â•±â–”â–”â–”â–”â–”â–”â–”â–”â–”â–”â•²         love stranger things â•±â•±â”â”³â”“â•­â•®â”â”³â”“ â•²â•²  â–”â–â”—â”»â”›â”ƒâ”ƒâ”—â”»â”›â–•  
, 0.5
rt @joeybirlem: stayed up all night to watch stranger things, then fell asleep on the first episode. now i have 3 hours of sleep and i neveâ€¦  
, 0.25
rt @joeybirlem: â”â”“   â”ƒâ”ƒâ•±â•² in â”ƒâ•±â•±â•²â•²  this â•±â•±â•­â•®â•²â•²   house â–”â–â”—â”›â–•â–”    we â•±â–”â–”â–”â–”â–”â–”â–”â–”â–”â–”â•²         love stranger things â•±â•±â”â”³â”“â•­â•®â”â”³â”“ â•²â•²  â–”â–â”—â”»â”›â”ƒâ”ƒâ”—â”»â”›â–•  
, 0.5
rt @joeybirlem: stranger things. 2 days. who's ready  
, 0.2
rt @joeybirlem: â”â”“   â”ƒâ”ƒâ•±â•² in â”ƒâ•±â•±â•²â•²  this â•±â•±â•­â•®â•²â•²   house â–”â–â”—â”›â–•â–”    we â•±â–”â–”â–”â–”â–”â–”â–”â–”â–”â–”â•²         love stranger things â•±â•±â”â”³â”“â•­â•®â”â”³â”“ â•²â•²  â–”â–â”—â”»â”›â”ƒâ”ƒâ”—â”»â”›â–•  
, 0.5
rt @joeybirlem: â”â”“   â”ƒâ”ƒâ•±â•² in â”ƒâ•±â•±â•²â•²  this â•±â•±â•­â•®â•²â•²   house â–”â–â”—â”›â–•â–”    we â•±â–”â–”â–”â–”â–”â–”â–”â–”â–”â–”â•²         love stranger things â•±â•±â”â”³â”“â•­â•®â”â”³â”“ â•²â•²  â–”â–â”—â”»â”›â”ƒâ”ƒâ”—â”»â”›â–•  
, 0.5
rt @joeybirlem: stranger things. 2 days. who's ready  
, 0.2
[en] stranger things - first playthrough fun! :d https://t.co/vfhay2cc6t  
, 0.3125
#otsscommunity  
, 0.0
rt @joeybirlem: stayed up all night to watch stranger things, then fell asleep on the first episode. now i have 3 hours of sleep and i neveâ€¦  
, 0.25
honorable mentions: stranger things, attack on titan, brooklyn 99, lucifer.  
, 0.0
rt @joeybirlem: stayed up all night to watch stranger things, then fell asleep on the first episode. now i have 3 hours of sleep and i neveâ€¦  
, 0.25
rt @joeybirlem: â”â”“   â”ƒâ”ƒâ•±â•² in â”ƒâ•±â•±â•²â•²  this â•±â•±â•­â•®â•²â•²   house â–”â–â”—â”›â–•â–”    we â•±â–”â–”â–”â–”â–”â–”â–”â–”â–”â–”â•²         love stranger things â•±â•±â”â”³â”“â•­â•®â”â”³â”“ â•²â•²  â–”â–â”—â”»â”›â”ƒâ”ƒâ”—â”»â”›â–•  
, 0.5
rt @joeybirlem: stranger things. 2 days. who's ready  
, 0.2
the real life welsh stranger things â€“ tom mitchell â€“Â medium https://t.co/utpf4uwfcg https://t.co/o4spztqzel  
, 0.2
rt @joeybirlem: stayed up all night to watch stranger things, then fell asleep on the first episode. now i have 3 hours of sleep and i neveâ€¦  
, 0.25
rt @joeybirlem: stranger things. 2 days. who's ready  
, 0.2
rt @joeybirlem: stayed up all night to watch stranger things, then fell asleep on the first episode. now i have 3 hours of sleep and i neveâ€¦  
, 0.25
rt @joeybirlem: stayed up all night to watch stranger things, then fell asleep on the first episode. now i have 3 hours of sleep and i neveâ€¦  
, 0.25
rt @joeybirlem: stranger things. 2 days. who's ready  
, 0.2
rt @joeybirlem: stayed up all night to watch stranger things, then fell asleep on the first episode. now i have 3 hours of sleep and i neveâ€¦  
, 0.25
rt @joeybirlem: stranger things. 2 days. who's ready  
, 0.2
rt @joeybirlem: stranger things. 2 days. who's ready  
, 0.2
rt @joeybirlem: stranger things. 2 days. who's ready  
, 0.2
rt @joeybirlem: â”â”“   â”ƒâ”ƒâ•±â•² in â”ƒâ•±â•±â•²â•²  this â•±â•±â•­â•®â•²â•²   house â–”â–â”—â”›â–•â–”    we â•±â–”â–”â–”â–”â–”â–”â–”â–”â–”â–”â•²         love stranger things â•±â•±â”â”³â”“â•­â•®â”â”³â”“ â•²â•²  â–”â–â”—â”»â”›â”ƒâ”ƒâ”—â”»â”›â–•  
, 0.5
rt @joeybirlem: stranger things. 2 days. who's ready  
, 0.2
rt @joeybirlem: â”â”“   â”ƒâ”ƒâ•±â•² in â”ƒâ•±â•±â•²â•²  this â•±â•±â•­â•®â•²â•²   house â–”â–â”—â”›â–•â–”    we â•±â–”â–”â–”â–”â–”â–”â–”â–”â–”â–”â•²         love stranger things â•±â•±â”â”³â”“â•­â•®â”â”³â”“ â•²â•²  â–”â–â”—â”»â”›â”ƒâ”ƒâ”—â”»â”›â–•  
, 0.5
is this real?? cant wait stranger things season3!!!! https://t.co/id15xbpdgd  
, 0.48828125
rt @joeybirlem: stayed up all night to watch stranger things, then fell asleep on the first episode. now i have 3 hours of sleep and i neveâ€¦  
, 0.25
rt @joeybirlem: stayed up all night to watch stranger things, then fell asleep on the first episode. now i have 3 hours of sleep and i neveâ€¦  
, 0.25
rt @joeybirlem: â”â”“   â”ƒâ”ƒâ•±â•² in â”ƒâ•±â•±â•²â•²  this â•±â•±â•­â•®â•²â•²   house â–”â–â”—â”›â–•â–”    we â•±â–”â–”â–”â–”â–”â–”â–”â–”â–”â–”â•²         love stranger things â•±â•±â”â”³â”“â•­â•®â”â”³â”“ â•²â•²  â–”â–â”—â”»â”›â”ƒâ”ƒâ”—â”»â”›â–•  
, 0.5
rt @joeybirlem: stayed up all night to watch stranger things, then fell asleep on the first episode. now i have 3 hours of sleep and i neveâ€¦  
, 0.25
rt @joeybirlem: stranger things. 2 days. who's ready  
, 0.2
rt @joeybirlem: stranger things. 2 days. who's ready  
, 0.2
rt @joeybirlem: â”â”“   â”ƒâ”ƒâ•±â•² in â”ƒâ•±â•±â•²â•²  this â•±â•±â•­â•®â•²â•²   house â–”â–â”—â”›â–•â–”    we â•±â–”â–”â–”â–”â–”â–”â–”â–”â–”â–”â•²         love stranger things â•±â•±â”â”³â”“â•­â•®â”â”³â”“ â•²â•²  â–”â–â”—â”»â”›â”ƒâ”ƒâ”—â”»â”›â–•  
, 0.5
rt @joeybirlem: stranger things. 2 days. who's ready  
, 0.2
rt @joeybirlem: â”â”“   â”ƒâ”ƒâ•±â•² in â”ƒâ•±â•±â•²â•²  this â•±â•±â•­â•®â•²â•²   house â–”â–â”—â”›â–•â–”    we â•±â–”â–”â–”â–”â–”â–”â–”â–”â–”â–”â•²         love stranger things â•±â•±â”â”³â”“â•­â•®â”â”³â”“ â•²â•²  â–”â–â”—â”»â”›â”ƒâ”ƒâ”—â”»â”›â–•  
, 0.5
rt @joeybirlem: â”â”“   â”ƒâ”ƒâ•±â•² in â”ƒâ•±â•±â•²â•²  this â•±â•±â•­â•®â•²â•²   house â–”â–â”—â”›â–•â–”    we â•±â–”â–”â–”â–”â–”â–”â–”â–”â–”â–”â•²         love stranger things â•±â•±â”â”³â”“â•­â•®â”â”³â”“ â•²â•²  â–”â–â”—â”»â”›â”ƒâ”ƒâ”—â”»â”›â–•  
, 0.5
rt @joeybirlem: â”â”“   â”ƒâ”ƒâ•±â•² in â”ƒâ•±â•±â•²â•²  this â•±â•±â•­â•®â•²â•²   house â–”â–â”—â”›â–•â–”    we â•±â–”â–”â–”â–”â–”â–”â–”â–”â–”â–”â•²         love stranger things â•±â•±â”â”³â”“â•­â•®â”â”³â”“ â•²â•²  â–”â–â”—â”»â”›â”ƒâ”ƒâ”—â”»â”›â–•  
, 0.5
rt @joeybirlem: stayed up all night to watch stranger things, then fell asleep on the first episode. now i have 3 hours of sleep and i neveâ€¦  
, 0.25
rt @joeybirlem: â”â”“   â”ƒâ”ƒâ•±â•² in â”ƒâ•±â•±â•²â•²  this â•±â•±â•­â•®â•²â•²   house â–”â–â”—â”›â–•â–”    we â•±â–”â–”â–”â–”â–”â–”â–”â–”â–”â–”â•²         love stranger things â•±â•±â”â”³â”“â•­â•®â”â”³â”“ â•²â•²  â–”â–â”—â”»â”›â”ƒâ”ƒâ”—â”»â”›â–•  
, 0.5
rt @joeybirlem: â”â”“   â”ƒâ”ƒâ•±â•² in â”ƒâ•±â•±â•²â•²  this â•±â•±â•­â•®â•²â•²   house â–”â–â”—â”›â–•â–”    we â•±â–”â–”â–”â–”â–”â–”â–”â–”â–”â–”â•²         love stranger things â•±â•±â”â”³â”“â•­â•®â”â”³â”“ â•²â•²  â–”â–â”—â”»â”›â”ƒâ”ƒâ”—â”»â”›â–•  
, 0.5
rt @joeybirlem: stayed up all night to watch stranger things, then fell asleep on the first episode. now i have 3 hours of sleep and i neveâ€¦  
, 0.25
rt @joeybirlem: â”â”“   â”ƒâ”ƒâ•±â•² in â”ƒâ•±â•±â•²â•²  this â•±â•±â•­â•®â•²â•²   house â–”â–â”—â”›â–•â–”    we â•±â–”â–”â–”â–”â–”â–”â–”â–”â–”â–”â•²         love stranger things â•±â•±â”â”³â”“â•­â•®â”â”³â”“ â•²â•²  â–”â–â”—â”»â”›â”ƒâ”ƒâ”—â”»â”›â–•  
, 0.5
rt @joeybirlem: stranger things. 2 days. who's ready  
, 0.2
rt @joeybirlem: stayed up all night to watch stranger things, then fell asleep on the first episode. now i have 3 hours of sleep and i neveâ€¦  
, 0.25
rt @joeybirlem: stranger things. 2 days. who's ready  
, 0.2
rt @joeybirlem: â”â”“   â”ƒâ”ƒâ•±â•² in â”ƒâ•±â•±â•²â•²  this â•±â•±â•­â•®â•²â•²   house â–”â–â”—â”›â–•â–”    we â•±â–”â–”â–”â–”â–”â–”â–”â–”â–”â–”â•²         love stranger things â•±â•±â”â”³â”“â•­â•®â”â”³â”“ â•²â•²  â–”â–â”—â”»â”›â”ƒâ”ƒâ”—â”»â”›â–•  
, 0.5
rt @lynseyclarke8: could stranger things hold the "map" that #qanon is always talking about?  check this out, the us dept of energy nationaâ€¦  
, 0.0
when youâ€™re a hardcore stranger things stan https://t.co/oz5bdbfr4r  
, 0.0
rt @joeybirlem: stranger things. 2 days. who's ready  
, 0.2
rt @zedsarcade: happy thursday! the day you know the weekend is near! lets go through more stranger things in ğŸ®oxenfree ğŸ® drop by! say hi!â€¦  
, 0.5833333333333334
rt @joeybirlem: stayed up all night to watch stranger things, then fell asleep on the first episode. now i have 3 hours of sleep and i neveâ€¦  
, 0.25
rt @joeybirlem: stayed up all night to watch stranger things, then fell asleep on the first episode. now i have 3 hours of sleep and i neveâ€¦  
, 0.25
rt @whattheffacts: "stranger things" was rejected 15 to 20 times by different networks before netflix picked it up.  
, 0.0
rt @petrovaxfirex: 3- stranger things  youâ€™ll get addicted to it immediately itâ€™s such a great series scary/horrifying but in a cute way loâ€¦  
, 0.27999999999999997
rt @joeybirlem: stayed up all night to watch stranger things, then fell asleep on the first episode. now i have 3 hours of sleep and i neveâ€¦  
, 0.25
rt @joeybirlem: stranger things. 2 days. who's ready  
, 0.2
rt @joeybirlem: stranger things. 2 days. who's ready  
, 0.2
rt @cinemartistry: stranger things (2016)  directors: shawn levy, matt duffer &amp; ross duffer  cinematographers: tod campbell &amp; tim ives httpâ€¦  
, -0.75
all my stranger things mutuals have come out from hiding and i am so grateful  
, 0.0
rt @joeybirlem: stranger things. 2 days. who's ready  
, 0.2
rt @joeybirlem: â”â”“   â”ƒâ”ƒâ•±â•² in â”ƒâ•±â•±â•²â•²  this â•±â•±â•­â•®â•²â•²   house â–”â–â”—â”›â–•â–”    we â•±â–”â–”â–”â–”â–”â–”â–”â–”â–”â–”â•²         love stranger things â•±â•±â”â”³â”“â•­â•®â”â”³â”“ â•²â•²  â–”â–â”—â”»â”›â”ƒâ”ƒâ”—â”»â”›â–•  
, 0.5
rt @joeybirlem: â”â”“   â”ƒâ”ƒâ•±â•² in â”ƒâ•±â•±â•²â•²  this â•±â•±â•­â•®â•²â•²   house â–”â–â”—â”›â–•â–”    we â•±â–”â–”â–”â–”â–”â–”â–”â–”â–”â–”â•²         love stranger things â•±â•±â”â”³â”“â•­â•®â”â”³â”“ â•²â•²  â–”â–â”—â”»â”›â”ƒâ”ƒâ”—â”»â”›â–•  
, 0.5
rt @joeybirlem: stayed up all night to watch stranger things, then fell asleep on the first episode. now i have 3 hours of sleep and i neveâ€¦  
, 0.25
rt @joeybirlem: â”â”“   â”ƒâ”ƒâ•±â•² in â”ƒâ•±â•±â•²â•²  this â•±â•±â•­â•®â•²â•²   house â–”â–â”—â”›â–•â–”    we â•±â–”â–”â–”â–”â–”â–”â–”â–”â–”â–”â•²         love stranger things â•±â•±â”â”³â”“â•­â•®â”â”³â”“ â•²â•²  â–”â–â”—â”»â”›â”ƒâ”ƒâ”—â”»â”›â–•  
, 0.5
rt @zaynpride: 77. assiste stranger things  
, 0.0
rt @joeybirlem: stranger things. 2 days. who's ready  
, 0.2
chris brown &amp; joyner lucas - stranger things  
, 0.0
stranger things 3, due new entry nel cast: cary elwes e jake busey https://t.co/nd6dwh5tf1  
, 0.005681818181818177
rt @joeybirlem: stayed up all night to watch stranger things, then fell asleep on the first episode. now i have 3 hours of sleep and i neveâ€¦  
, 0.25
i had a dream that dustin asked me to be the demogorgon in the next stranger things season...  
, 0.0
@sabxmoonstruck have you watched stranger things?  
, 0.0
rt @joeybirlem: stayed up all night to watch stranger things, then fell asleep on the first episode. now i have 3 hours of sleep and i neveâ€¦  
, 0.25
rt @joeybirlem: â”â”“   â”ƒâ”ƒâ•±â•² in â”ƒâ•±â•±â•²â•²  this â•±â•±â•­â•®â•²â•²   house â–”â–â”—â”›â–•â–”    we â•±â–”â–”â–”â–”â–”â–”â–”â–”â–”â–”â•²         love stranger things â•±â•±â”â”³â”“â•­â•®â”â”³â”“ â•²â•²  â–”â–â”—â”»â”›â”ƒâ”ƒâ”—â”»â”›â–•  
, 0.5
rt @joeybirlem: stranger things. 2 days. who's ready  
, 0.2
rt @joeybirlem: stayed up all night to watch stranger things, then fell asleep on the first episode. now i have 3 hours of sleep and i neveâ€¦  
, 0.25
rt @finnwolfland: all my stranger things mutuals have come out from hiding and i am so grateful  
, 0.0
rt @joeybirlem: stranger things. 2 days. who's ready  
, 0.2
i know iâ€™m not the only one who started to feel like a sucker for watching stranger things season two based on thisâ€¦ https://t.co/bmiak8bmb3  
, -0.15
rt @joeybirlem: â”â”“   â”ƒâ”ƒâ•±â•² in â”ƒâ•±â•±â•²â•²  this â•±â•±â•­â•®â•²â•²   house â–”â–â”—â”›â–•â–”    we â•±â–”â–”â–”â–”â–”â–”â–”â–”â–”â–”â•²         love stranger things â•±â•±â”â”³â”“â•­â•®â”â”³â”“ â•²â•²  â–”â–â”—â”»â”›â”ƒâ”ƒâ”—â”»â”›â–•  
, 0.5
rt @joeybirlem: â”â”“   â”ƒâ”ƒâ•±â•² in â”ƒâ•±â•±â•²â•²  this â•±â•±â•­â•®â•²â•²   house â–”â–â”—â”›â–•â–”    we â•±â–”â–”â–”â–”â–”â–”â–”â–”â–”â–”â•²         love stranger things â•±â•±â”â”³â”“â•­â•®â”â”³â”“ â•²â•²  â–”â–â”—â”»â”›â”ƒâ”ƒâ”—â”»â”›â–•  
, 0.5
rt @80sreddle: anyone notice mike from stranger things kinda looks like that kid with the glasses from it? lmao! ğŸ˜‚ ğŸ˜‚  
, 0.75
rt @joeybirlem: stayed up all night to watch stranger things, then fell asleep on the first episode. now i have 3 hours of sleep and i neveâ€¦  
, 0.25
rt @joeybirlem: â”â”“   â”ƒâ”ƒâ•±â•² in â”ƒâ•±â•±â•²â•²  this â•±â•±â•­â•®â•²â•²   house â–”â–â”—â”›â–•â–”    we â•±â–”â–”â–”â–”â–”â–”â–”â–”â–”â–”â•²         love stranger things â•±â•±â”â”³â”“â•­â•®â”â”³â”“ â•²â•²  â–”â–â”—â”»â”›â”ƒâ”ƒâ”—â”»â”›â–•  
, 0.5
rt @joeybirlem: stranger things. 2 days. who's ready  
, 0.2
@sama_elgohary stranger things  
, 0.0
rt @asaprockysnaps: a$ap rocky with eleven from stranger things https://t.co/hogbzdgw3m  
, 0.0
rt @joeybirlem: stranger things. 2 days. who's ready  
, 0.2
rt @joeybirlem: stayed up all night to watch stranger things, then fell asleep on the first episode. now i have 3 hours of sleep and i neveâ€¦  
, 0.25
rt @joeybirlem: â”â”“   â”ƒâ”ƒâ•±â•² in â”ƒâ•±â•±â•²â•²  this â•±â•±â•­â•®â•²â•²   house â–”â–â”—â”›â–•â–”    we â•±â–”â–”â–”â–”â–”â–”â–”â–”â–”â–”â•²         love stranger things â•±â•±â”â”³â”“â•­â•®â”â”³â”“ â•²â•²  â–”â–â”—â”»â”›â”ƒâ”ƒâ”—â”»â”›â–•  
, 0.5
rt @joeybirlem: â”â”“   â”ƒâ”ƒâ•±â•² in â”ƒâ•±â•±â•²â•²  this â•±â•±â•­â•®â•²â•²   house â–”â–â”—â”›â–•â–”    we â•±â–”â–”â–”â–”â–”â–”â–”â–”â–”â–”â•²         love stranger things â•±â•±â”â”³â”“â•­â•®â”â”³â”“ â•²â•²  â–”â–â”—â”»â”›â”ƒâ”ƒâ”—â”»â”›â–•  
, 0.5
rt @joeybirlem: stranger things. 2 days. who's ready  
, 0.2
rt @joeybirlem: stayed up all night to watch stranger things, then fell asleep on the first episode. now i have 3 hours of sleep and i neveâ€¦  
, 0.25
rt @joeybirlem: â”â”“   â”ƒâ”ƒâ•±â•² in â”ƒâ•±â•±â•²â•²  this â•±â•±â•­â•®â•²â•²   house â–”â–â”—â”›â–•â–”    we â•±â–”â–”â–”â–”â–”â–”â–”â–”â–”â–”â•²         love stranger things â•±â•±â”â”³â”“â•­â•®â”â”³â”“ â•²â•²  â–”â–â”—â”»â”›â”ƒâ”ƒâ”—â”»â”›â–•  
, 0.5
rt @joeybirlem: stayed up all night to watch stranger things, then fell asleep on the first episode. now i have 3 hours of sleep and i neveâ€¦  
, 0.25
rt @joeybirlem: stranger things. 2 days. who's ready  
, 0.2
rt @joeybirlem: stayed up all night to watch stranger things, then fell asleep on the first episode. now i have 3 hours of sleep and i neveâ€¦  
, 0.25
rt @joeybirlem: â”â”“   â”ƒâ”ƒâ•±â•² in â”ƒâ•±â•±â•²â•²  this â•±â•±â•­â•®â•²â•²   house â–”â–â”—â”›â–•â–”    we â•±â–”â–”â–”â–”â–”â–”â–”â–”â–”â–”â•²         love stranger things â•±â•±â”â”³â”“â•­â•®â”â”³â”“ â•²â•²  â–”â–â”—â”»â”›â”ƒâ”ƒâ”—â”»â”›â–•  
, 0.5
i really wanna make a stranger things cellphone drop video, pero shutangina, bad quality ang recording ng phone ko.â€¦ https://t.co/bokbqfcw99  
, -0.24999999999999992
rt @joeybirlem: stranger things. 2 days. who's ready  
, 0.2
rt @joeybirlem: stayed up all night to watch stranger things, then fell asleep on the first episode. now i have 3 hours of sleep and i neveâ€¦  
, 0.25
rt @joeybirlem: stayed up all night to watch stranger things, then fell asleep on the first episode. now i have 3 hours of sleep and i neveâ€¦  
, 0.25
rt @joeybirlem: stranger things. 2 days. who's ready  
, 0.2
rt @joeybirlem: stayed up all night to watch stranger things, then fell asleep on the first episode. now i have 3 hours of sleep and i neveâ€¦  
, 0.25
rt @joeybirlem: stranger things. 2 days. who's ready  
, 0.2
rt @joeybirlem: stranger things. 2 days. who's ready  
, 0.2
rt @joeybirlem: stranger things. 2 days. who's ready  
, 0.2
rt @strangertbr: gaten, caleb e sadie durante o painel de stranger things na fan expo dallas. ğŸ˜ https://t.co/ognwd5kr0h  
, 0.0
rt @deafinstitute: this saturday   
, 0.0
@girlsonfilm80 - stranger things party!   
, 0.0
https://t.co/wlnrbxoevt  
, 0.0
grab a Â£3 ticket via https://t.co/0zwâ€¦  
, 0.0
rt @joeybirlem: â”â”“   â”ƒâ”ƒâ•±â•² in â”ƒâ•±â•±â•²â•²  this â•±â•±â•­â•®â•²â•²   house â–”â–â”—â”›â–•â–”    we â•±â–”â–”â–”â–”â–”â–”â–”â–”â–”â–”â•²         love stranger things â•±â•±â”â”³â”“â•­â•®â”â”³â”“ â•²â•²  â–”â–â”—â”»â”›â”ƒâ”ƒâ”—â”»â”›â–•  
, 0.5
rt @joeybirlem: stayed up all night to watch stranger things, then fell asleep on the first episode. now i have 3 hours of sleep and i neveâ€¦  
, 0.25
rt @joeybirlem: â”â”“   â”ƒâ”ƒâ•±â•² in â”ƒâ•±â•±â•²â•²  this â•±â•±â•­â•®â•²â•²   house â–”â–â”—â”›â–•â–”    we â•±â–”â–”â–”â–”â–”â–”â–”â–”â–”â–”â•²         love stranger things â•±â•±â”â”³â”“â•­â•®â”â”³â”“ â•²â•²  â–”â–â”—â”»â”›â”ƒâ”ƒâ”—â”»â”›â–•  
, 0.5
@finnwolfland okay but i do love stranger things...like so so much it holds a special place in my heart  
, 0.3892857142857143
rt @joeybirlem: stranger things. 2 days. who's ready  
, 0.2
rt @mancitymen: stranger things have happened #mcfc https://t.co/8zjxhbfhi6  
, 0.0
que vuelva stranger things yaaa ğŸ¤©  
, 0.0
stranger things 3 ğŸ’“ğŸ’“ğŸ’“ https://t.co/ejmr8vdyfq  
, 0.0
rt @joeybirlem: stayed up all night to watch stranger things, then fell asleep on the first episode. now i have 3 hours of sleep and i neveâ€¦  
, 0.25
rt @xxnicole: o cast de stranger things inteiro. https://t.co/m6dpuf6jmw  
, 0.0
rt @joeybirlem: stranger things. 2 days. who's ready  
, 0.2
rt @bevclub: rt/like to be in a gc ğŸ’˜  
, 0.0
- be willing to be friends - stan it/stranger things - be active + funny - must have open dms - nameâ€¦  
, 0.09166666666666667
@bokesponja @paul_lozano stranger things, dark..  
, -0.15
rt @jimhalpert__: stranger things (2016) https://t.co/ethe2sm4jj  
, -0.75
rt @joeybirlem: â”â”“   â”ƒâ”ƒâ•±â•² in â”ƒâ•±â•±â•²â•²  this â•±â•±â•­â•®â•²â•²   house â–”â–â”—â”›â–•â–”    we â•±â–”â–”â–”â–”â–”â–”â–”â–”â–”â–”â•²         love stranger things â•±â•±â”â”³â”“â•­â•®â”â”³â”“ â•²â•²  â–”â–â”—â”»â”›â”ƒâ”ƒâ”—â”»â”›â–•  
, 0.5
rt @joeybirlem: â”â”“   â”ƒâ”ƒâ•±â•² in â”ƒâ•±â•±â•²â•²  this â•±â•±â•­â•®â•²â•²   house â–”â–â”—â”›â–•â–”    we â•±â–”â–”â–”â–”â–”â–”â–”â–”â–”â–”â•²         love stranger things â•±â•±â”â”³â”“â•­â•®â”â”³â”“ â•²â•²  â–”â–â”—â”»â”›â”ƒâ”ƒâ”—â”»â”›â–•  
, 0.5
rt @joeybirlem: stayed up all night to watch stranger things, then fell asleep on the first episode. now i have 3 hours of sleep and i neveâ€¦  
, 0.25
rt @noahhcredito: fandom de stranger things quando sair a season 3 https://t.co/eyrunbrrwv  
, 0.0
rt @joeybirlem: stayed up all night to watch stranger things, then fell asleep on the first episode. now i have 3 hours of sleep and i neveâ€¦  
, 0.25
rt @joeybirlem: stranger things. 2 days. who's ready  
, 0.2
rt @joeybirlem: stayed up all night to watch stranger things, then fell asleep on the first episode. now i have 3 hours of sleep and i neveâ€¦  
, 0.25
@andybisnoslcfc stranger things have happened ğŸ‘  
, 0.0
rt @joeybirlem: stranger things. 2 days. who's ready  
, 0.2
rt @hawkins_things: stranger things is preparing for filming in 10 days !! are you all ready ?? #strangerthings #strangerthings3 https://t.â€¦  
, 0.2
rt @joeybirlem: stranger things. 2 days. who's ready  
, 0.2
rt @lyntheshipper: rt if you stan one or more of the following to be added in a groupchat: -the 100 -harry potter  -stranger things -game oâ€¦  
, 0.033333333333333326
rt @joeybirlem: â”â”“   â”ƒâ”ƒâ•±â•² in â”ƒâ•±â•±â•²â•²  this â•±â•±â•­â•®â•²â•²   house â–”â–â”—â”›â–•â–”    we â•±â–”â–”â–”â–”â–”â–”â–”â–”â–”â–”â•²         love stranger things â•±â•±â”â”³â”“â•­â•®â”â”³â”“ â•²â•²  â–”â–â”—â”»â”›â”ƒâ”ƒâ”—â”»â”›â–•  
, 0.5
rt @joeybirlem: stranger things. 2 days. who's ready  
, 0.2
@arimojiofficiai i like "13 reasons why" and "stranger things"  
, 0.0
rt @joeybirlem: â”â”“   â”ƒâ”ƒâ•±â•² in â”ƒâ•±â•±â•²â•²  this â•±â•±â•­â•®â•²â•²   house â–”â–â”—â”›â–•â–”    we â•±â–”â–”â–”â–”â–”â–”â–”â–”â–”â–”â•²         love stranger things â•±â•±â”â”³â”“â•­â•®â”â”³â”“ â•²â•²  â–”â–â”—â”»â”›â”ƒâ”ƒâ”—â”»â”›â–•  
, 0.5
i liked a @youtube video https://t.co/tpiqp0x33a "stranger things: a bad lip reading"  
, -0.04999999999999993
rt @noahschapps: dm me your name and number to be in curvy womanâ„¢ -stranger things &amp; it  -imessage groupchat  -be soft and freaking loud -nâ€¦  
, 0.1
iâ€™m actually so excited for stranger things 3  
, 0.375
rt @joeybirlem: â”â”“   â”ƒâ”ƒâ•±â•² in â”ƒâ•±â•±â•²â•²  this â•±â•±â•­â•®â•²â•²   house â–”â–â”—â”›â–•â–”    we â•±â–”â–”â–”â–”â–”â–”â–”â–”â–”â–”â•²         love stranger things â•±â•±â”â”³â”“â•­â•®â”â”³â”“ â•²â•²  â–”â–â”—â”»â”›â”ƒâ”ƒâ”—â”»â”›â–•  
, 0.5
rt @bevclub: rt/like to be in an 80s groupchat:  
, 0.0
- stan stranger things or it - have open dms - be active (we will kick inactives ğŸ¤§) - watcâ€¦  
, -0.06666666666666667
stranger things: the game - outside https://t.co/gjb2arckfp #vgm #gamemusic  
, -0.2
rt @joeybirlem: stayed up all night to watch stranger things, then fell asleep on the first episode. now i have 3 hours of sleep and i neveâ€¦  
, 0.25
rt @everydaybxca: retweet or dm to be in a stranger things imessage groupchat  - be active  -have imessage obviously  -stranger things -donâ€¦  
, -0.06666666666666667
rt @schnapphard: ğŸ’—ğŸ¤¡ rt to be in an imessage groupchat  - send memes  - marvel - stranger things  - talk about ur faves  - dm me ur number  
, 0.0
pero always worth the wait gud basta stranger things so yaaaaaas  
, 0.3
rt @joeybirlem: stranger things. 2 days. who's ready  
, 0.2
cary elwes joins stranger things cast for season 3. #netflix #strangerthings #carryelwesâ€¦ https://t.co/rco4csrqjz  
, 0.0
rt @zaynpride: 77. assiste stranger things  
, 0.0
rt @jacksonbuttsco: stranger things season 3 is getting ready to begin filming in jackson! welcome back to butts county! #strangerthings #gâ€¦  
, 0.3875
@larslayag stranger things  
, 0.0
ok , so im thinking to do a roblox doctor who,stranger things and bttf crossover , what intro should i use?  
, 0.5
i miss stranger things ğŸ™  
, 0.0
rt @joeybirlem: â”â”“   â”ƒâ”ƒâ•±â•² in â”ƒâ•±â•±â•²â•²  this â•±â•±â•­â•®â•²â•²   house â–”â–â”—â”›â–•â–”    we â•±â–”â–”â–”â–”â–”â–”â–”â–”â–”â–”â•²         love stranger things â•±â•±â”â”³â”“â•­â•®â”â”³â”“ â•²â•²  â–”â–â”—â”»â”›â”ƒâ”ƒâ”—â”»â”›â–•  
, 0.5
except the stranger things kids. theyâ€™re the exception to the â€œborn after 2000â€ curse lol https://t.co/fc8bqblvtp  
, 0.8
rt @joeybirlem: â”â”“   â”ƒâ”ƒâ•±â•² in â”ƒâ•±â•±â•²â•²  this â•±â•±â•­â•®â•²â•²   house â–”â–â”—â”›â–•â–”    we â•±â–”â–”â–”â–”â–”â–”â–”â–”â–”â–”â•²         love stranger things â•±â•±â”â”³â”“â•­â•®â”â”³â”“ â•²â•²  â–”â–â”—â”»â”›â”ƒâ”ƒâ”—â”»â”›â–•  
, 0.5
rt @noahhcredito: fandom de stranger things quando sair a season 3 https://t.co/eyrunbrrwv  
, 0.0
i liked a @youtube video https://t.co/6xw47zzvgt stranger things' millie brown raps to nicki minaj 'monster' verse  
, 0.6
rt @joeybirlem: â”â”“   â”ƒâ”ƒâ•±â•² in â”ƒâ•±â•±â•²â•²  this â•±â•±â•­â•®â•²â•²   house â–”â–â”—â”›â–•â–”    we â•±â–”â–”â–”â–”â–”â–”â–”â–”â–”â–”â•²         love stranger things â•±â•±â”â”³â”“â•­â•®â”â”³â”“ â•²â•²  â–”â–â”—â”»â”›â”ƒâ”ƒâ”—â”»â”›â–•  
, 0.5
rt @ialisyn: hype af for stranger things szn3  
, 0.0
rt @rtyourlgbts: mike &amp; will (byler) | stranger things https://t.co/dbdsmgabjc  
, 0.0
rt @enews: want more stranger things casting news, friends? as you wish... https://t.co/tlmz3qspoj  
, 0.5
rt @joeybirlem: stayed up all night to watch stranger things, then fell asleep on the first episode. now i have 3 hours of sleep and i neveâ€¦  
, 0.25
@briantoinette11 yassssss. please put that on the to-do list. also, there will be a stranger things portion of @horrornightsorl this year.  
, 0.0
rt @joeybirlem: stayed up all night to watch stranger things, then fell asleep on the first episode. now i have 3 hours of sleep and i neveâ€¦  
, 0.25
rt @clickhole: a historic loss: barbara bush, a woman famous for never once being horny for the â€˜stranger thingsâ€™ kids, has passed away atâ€¦  
, 0.25
rt @joeybirlem: stayed up all night to watch stranger things, then fell asleep on the first episode. now i have 3 hours of sleep and i neveâ€¦  
, 0.25
wait. is ethel from riverdale and barb from stranger things the same person? or do i wear glasses for a reason?  
, 0.0
rt @joeybirlem: stranger things. 2 days. who's ready  
, 0.2
â€œdo you watch stranger things? is that why youâ€™re wearing that shirt?â€ - something i just overhead someone ask a giâ€¦ https://t.co/8w0iuzayf2  
, 0.0
rt @joeybirlem: stranger things. 2 days. who's ready  
, 0.2
2nd period 75 min. what a #goal by stig rasmussen ! brutusville 3 - 0 stranger things fc #live https://t.co/fnhbnauhcg  
, 0.06818181818181818
rt @joeybirlem: stranger things. 2 days. who's ready  
, 0.2
skdhsbsjfkfjsb hoping she collaborated with stranger things cast and spider-manğŸ™ğŸ¼. yasğŸ‘ğŸ¼ https://t.co/wvuhhbnz4x  
, 0.0
rt @joeybirlem: stayed up all night to watch stranger things, then fell asleep on the first episode. now i have 3 hours of sleep and i neveâ€¦  
, 0.25
rt @bdisgusting: target making dreams come true by releasing dustinâ€™s â€œstranger thingsâ€Â hoodie https://t.co/k32j3fihiv https://t.co/e9zhp6uâ€¦  
, 0.35
joyner lucas ft chris brown - stranger things ğŸ”¥  
, 0.0
rt @noahhcredito: fandom de stranger things quando sair a season 3 https://t.co/eyrunbrrwv  
, 0.0
if you want to feel sad today you can revisit some 'stranger things' deaths in new video... https://t.co/lvakwsglvk  
, -0.18181818181818182
rt @ughwheeler: stranger things on crack is giving me life.  
, 0.0
ccto https://t.co/2so9qtysfn  
, 0.0
rt @thatericalper: season 3 of stranger things is adding some new faces to its lineup. cary elwes has signed on as character "mayor kline,"â€¦  
, 0.3181818181818182
